sigma_db,node_id,true_x_m,true_y_m,estimated_x_m,estimated_y_m,error_m,success,failure_reason
0,0,93.89416536315095,30.14620452825978,93.894165363151,30.1462045282598,6.07087979554246e-14,True,
0,1,8.036642284785348,33.29180314859829,8.03664228478528,33.291803148598355,9.298341530198968e-14,True,
0,2,55.82526066361373,85.61981241695517,55.82526066361384,85.61981241695524,1.2809491335957507e-13,True,
0,3,71.69210228164086,68.75959554087012,71.69210228164089,68.75959554087014,3.1776437161565096e-14,True,
0,4,54.00362594645869,45.44740343328356,54.00362594645865,45.447403433283554,4.322062729257126e-14,True,
0,5,80.11276869314742,35.523123299974685,80.11276869314737,35.52312329997474,7.105427357601002e-14,True,
0,6,69.46232657055918,73.09976442434888,69.46232657055927,73.09976442434896,1.2058310082691391e-13,True,
0,7,76.47531270101051,78.47809659723579,76.4753127010105,78.47809659723572,7.246142549764705e-14,True,
0,8,40.09278230226733,34.636278082955116,40.09278230226733,34.636278082955165,4.973799150320701e-14,True,
0,9,57.39544344845955,63.61078475221331,57.39544344845954,63.61078475221331,1.4210854715202004e-14,True,
0,10,68.8873023325835,57.269936084622785,68.8873023325835,57.269936084622714,7.105427357601002e-14,True,
0,11,97.9493509182209,85.03532042458274,97.9493509182208,85.03532042458278,1.0822664515137473e-13,True,
0,12,84.92353192815025,16.10331287000345,84.9235319281503,16.10331287000336,9.851976744714397e-14,True,
0,13,82.03059606542631,2.225089598475667,82.03059606542637,2.2250895984756682,5.685902922862834e-14,True,
0,14,58.47353315478107,66.96046058452855,58.47353315478105,66.96046058452862,7.418283949015283e-14,True,
0,15,25.075750894125633,76.40826728959952,25.075750894125637,76.4082672895996,8.533911106286719e-14,True,
0,16,10.647840719981644,69.63105170187215,10.647840719981682,69.63105170187218,4.6897166265737003e-14,True,
0,17,70.35826785082438,41.51179713691665,70.35826785082435,41.51179713691668,4.0194366942304644e-14,True,
0,18,24.494026528699113,46.8577478691227,24.494026528699123,46.85774786912272,2.3832327871173822e-14,True,
0,19,6.915120295691534,87.65854719606564,6.915120295691533,87.6585471960656,4.264181500047145e-14,True,
0,20,75.84523039705334,91.72803371006896,75.84523039705334,91.72803371006893,2.842170943040401e-14,True,
0,21,37.75750037964265,9.412173064655496,37.75750037964262,9.412173064655507,3.03543989777123e-14,True,
0,22,65.66352249497959,71.77036231080746,65.66352249497959,71.77036231080753,7.105427357601002e-14,True,
0,23,60.523959270027255,74.79125373904218,60.523959270027234,74.79125373904219,2.5618982671915014e-14,True,
0,24,63.55449193928654,29.516082997336255,63.554491939286535,29.516082997336255,7.105427357601002e-15,True,
0,25,72.30953823743259,74.4178557514449,72.30953823743256,74.41785575144485,6.355287432313019e-14,True,
0,26,67.60072800662148,57.32152608609464,67.60072800662145,57.32152608609465,2.929642751054232e-14,True,
0,27,67.63077592528177,73.59318866286374,67.63077592528172,73.59318866286375,4.4938668397781776e-14,True,
0,28,5.562780260263431,41.344382210593636,5.562780260263442,41.344382210593665,3.03543989777123e-14,True,
0,29,58.29507817271991,44.76611177923242,58.295078172719954,44.766111779232475,7.105427357601002e-14,True,
0,30,6.467641361893989,92.12109554143312,6.467641361893973,92.12109554143314,2.1390168887322673e-14,True,
0,31,73.82367481050838,95.88166740072212,73.82367481050835,95.8816674007221,4.0194366942304644e-14,True,
0,32,29.839320076543792,58.08842856642992,29.839320076543753,58.08842856642994,4.451537480371452e-14,True,
0,33,13.371227614128346,1.9781338201105474,13.371227614128458,1.9781338201105874,1.1883349302432093e-13,True,
0,34,31.141044094018135,86.1916778146845,31.141044094018152,86.19167781468447,3.351623381340333e-14,True,
0,35,49.463536169114185,33.685481601468865,49.46353616911418,33.68548160146887,1.0048591735576161e-14,True,
0,36,24.838827007252565,26.50470868432968,24.838827007252544,26.504708684329668,2.5618982671915014e-14,True,
0,37,97.90065141894024,12.447704455050003,97.90065141894027,12.447704455050037,4.412378852824695e-14,True,
0,38,91.58896710498118,58.499477319435044,91.58896710498122,58.499477319435066,4.7664655742347644e-14,True,
0,39,60.201357740545085,43.243601260813065,60.20135774054514,43.24360126081305,5.859285502108464e-14,True,
0,40,6.811035096738519,46.832619468347254,6.811035096738596,46.832619468347225,8.233275021863508e-14,True,
0,41,28.31123123078926,93.86451445296974,28.31123123078946,93.86451445296969,2.0691316789454157e-13,True,
0,42,80.34100762678843,74.61917353020827,80.3410076267886,74.61917353020836,1.9065862296939058e-13,True,
0,43,94.5142584651447,25.660237168632968,94.51425846514474,25.660237168632946,3.552713678800501e-14,True,
0,44,68.34897961501137,32.47848115774552,68.34897961501137,32.47848115774549,2.842170943040401e-14,True,
0,45,81.19147143441458,51.01785564439161,81.19147143441457,51.01785564439155,5.859285502108464e-14,True,
0,46,17.53280478061694,75.59189972215846,17.532804780616946,75.59189972215844,1.5888218580782548e-14,True,
0,47,42.85475590784861,50.06850332048509,42.85475590784862,50.0685033204851,1.0048591735576161e-14,True,
0,48,48.2587707361883,4.463831452944866,48.258770736188325,4.463831452944921,5.822143342219158e-14,True,
0,49,42.589764102655224,85.7072229053037,42.589764102655174,85.70722290530368,5.1728291973635394e-14,True,
0,50,20.835427049452324,66.03497492591494,20.835427049452388,66.03497492591492,6.550880341146756e-14,True,
0,51,39.53383942317885,38.275148178092365,39.53383942317885,38.27514817809236,7.105427357601002e-15,True,
0,52,11.73968930870711,41.676440490526325,11.73968930870714,41.676440490526346,3.696359138182859e-14,True,
0,53,83.84838228756209,22.881009289676847,83.84838228756213,22.881009289676793,6.824540119616012e-14,True,
0,54,57.79819535348073,10.52775213200109,57.79819535348073,10.527752132001119,2.842170943040401e-14,True,
0,55,57.69147740384463,87.30856118634192,57.69147740384477,87.30856118634199,1.5888218580782548e-13,True,
0,56,68.73099969079553,76.7477951809748,68.73099969079554,76.7477951809748,1.4210854715202004e-14,True,
0,57,69.43783013724692,42.311438910227594,69.4378301372469,42.31143891022754,5.859285502108464e-14,True,
0,58,42.98706172611185,86.23500472815522,42.9870617261118,86.23500472815523,5.1728291973635394e-14,True,
0,59,81.45839644942303,68.20042374419498,81.45839644942306,68.20042374419494,5.123796534383003e-14,True,
0,60,56.63718503482395,14.668715911211592,56.63718503482394,14.668715911211592,7.105427357601002e-15,True,
0,61,46.507397806330474,62.64339619539004,46.50739780633045,62.643396195390025,2.5618982671915014e-14,True,
0,62,72.42190513240097,21.781131110666877,72.42190513240097,21.781131110666866,1.0658141036401503e-14,True,
0,63,16.628935524188996,77.9432657873154,16.62893552418914,77.94326578731538,1.4281732235759946e-13,True,
0,64,18.058322353874384,95.09742877982288,18.05832235387442,95.09742877982286,3.8263897345803626e-14,True,
0,65,27.496430785229872,77.26817061067466,27.496430785229872,77.26817061067462,4.263256414560601e-14,True,
0,66,87.43635844487765,59.4845583257959,87.43635844487764,59.4845583257959,1.4210854715202004e-14,True,
0,67,84.16276026695779,3.9969356828890326,84.16276026695773,3.996935682889075,7.105427357601002e-14,True,
0,68,33.21080592300726,86.49444868705424,33.21080592300733,86.49444868705422,7.652779469160725e-14,True,
0,69,19.67688738885476,51.1214106027518,19.676887388854773,51.12141060275181,1.5888218580782548e-14,True,
0,70,63.685548841740484,44.89416857440345,63.685548841740506,44.89416857440342,3.552713678800501e-14,True,
0,71,39.508626195819666,25.95799104163331,39.50862619581968,25.957991041633246,6.550880341146756e-14,True,
0,72,78.92352734491215,44.80873534562332,78.92352734491217,44.80873534562331,2.929642751054232e-14,True,
0,73,54.76582011294073,55.698530760113556,54.76582011294069,55.69853076011359,5.54951617168815e-14,True,
0,74,88.9198272720378,25.954285512454582,88.91982727203776,25.95428551245461,4.0194366942304644e-14,True,
0,75,63.04178817364071,6.065043421209777,63.041788173640725,6.065043421209767,1.724530548492318e-14,True,
0,76,64.31075224396936,47.94269399772743,64.31075224396933,47.942693997727474,5.123796534383003e-14,True,
0,77,90.26069818639597,13.398591553140648,90.26069818639603,13.398591553140687,6.898122193969271e-14,True,
0,78,55.48519491722067,48.450966012570206,55.485194917220674,48.45096601257018,2.929642751054232e-14,True,
0,79,53.61769028030827,21.9388824909848,53.617690280308274,21.938882490984792,1.0048591735576161e-14,True,
1,0,93.89416536315095,30.14620452825978,95.1384992464054,37.302148223617685,7.263325476952528,True,
1,1,8.036642284785348,33.29180314859829,3.7831904536113514,39.86625251497302,7.830404647982281,True,
1,2,55.82526066361373,85.61981241695517,79.34208714154272,87.10708477275197,23.56380925600399,True,
1,3,71.69210228164086,68.75959554087012,76.1679204811484,52.807614940336066,16.568000290767074,True,
1,4,54.00362594645869,45.44740343328356,58.55760849953508,47.497081769316054,4.9939902257538575,True,
1,5,80.11276869314742,35.523123299974685,92.64488808393367,34.68332533724526,12.56022599490651,True,
1,6,69.46232657055918,73.09976442434888,62.721689932167365,65.28966663125686,10.316676297552952,True,
1,7,76.47531270101051,78.47809659723579,80.23861014597759,80.01655784148483,4.06562057493712,True,
1,8,40.09278230226733,34.636278082955116,37.92264595876643,35.40950971350513,2.3037749247412367,True,
1,9,57.39544344845955,63.61078475221331,64.04951399383752,62.53369631793633,6.740680553039129,True,
1,10,68.8873023325835,57.269936084622785,65.81279007493599,57.20820808991605,3.0751318618484182,True,
1,11,97.9493509182209,85.03532042458274,91.04739078848228,79.58094882893982,8.797000803447606,True,
1,12,84.92353192815025,16.10331287000345,77.3602233830634,14.963541438251383,7.648706757669691,True,
1,13,82.03059606542631,2.225089598475667,87.79222221924336,-21.947663808142693,24.849916361902068,True,
1,14,58.47353315478107,66.96046058452855,61.80956766269044,71.39771140041759,5.551425136041202,True,
1,15,25.075750894125633,76.40826728959952,20.884506561418874,75.90431175019285,4.221433434527329,True,
1,16,10.647840719981644,69.63105170187215,6.484975122927652,75.63881838252111,7.309084105977401,True,
1,17,70.35826785082438,41.51179713691665,62.26272086655379,43.06585670717384,8.24335988068218,True,
1,18,24.494026528699113,46.8577478691227,27.541427218378267,45.64608515499755,3.2794477425716213,True,
1,19,6.915120295691534,87.65854719606564,-6.57595175731928,92.56195724437454,14.354527343015725,True,
1,20,75.84523039705334,91.72803371006896,77.79072526640913,79.63921743840979,12.24436315765835,True,
1,21,37.75750037964265,9.412173064655496,45.655287074814446,3.7930714151355067,9.69274667109746,True,
1,22,65.66352249497959,71.77036231080746,64.20230663522815,73.6452497128979,2.3770474457415753,True,
1,23,60.523959270027255,74.79125373904218,68.18352991774545,70.88070919859007,8.60008029673246,True,
1,24,63.55449193928654,29.516082997336255,59.785994773371186,23.196790192398765,7.357651285841617,True,
1,25,72.30953823743259,74.4178557514449,71.13873775248754,71.7060196329468,2.953782136369978,True,
1,26,67.60072800662148,57.32152608609464,72.59741770256747,62.78250822742332,7.401974997626213,True,
1,27,67.63077592528177,73.59318866286374,59.31005726997783,76.01777670577317,8.666774839497235,True,
1,28,5.562780260263431,41.344382210593636,-5.21267624508301,40.400927761919206,10.816680137423704,True,
1,29,58.29507817271991,44.76611177923242,61.34273352512753,47.293997513112494,3.9595971298369745,True,
1,30,6.467641361893989,92.12109554143312,19.433689653417538,88.72025618595211,13.40463041713233,True,
1,31,73.82367481050838,95.88166740072212,66.6694337761339,91.69704995998998,8.288195696483477,True,
1,32,29.839320076543792,58.08842856642992,26.346054585551144,58.925234430345405,3.592095188666839,True,
1,33,13.371227614128346,1.9781338201105474,13.64823355983308,3.9575578371933386,1.998712518938116,True,
1,34,31.141044094018135,86.1916778146845,45.9442422977933,95.57463480218807,17.526396061072983,True,
1,35,49.463536169114185,33.685481601468865,45.898560605694605,37.56889358914362,5.271616396684678,True,
1,36,24.838827007252565,26.50470868432968,18.033311283219437,37.1877217874227,12.666562802549054,True,
1,37,97.90065141894024,12.447704455050003,98.66719398034041,-0.6073967411027353,13.07758596760987,True,
1,38,91.58896710498118,58.499477319435044,93.56468635712869,58.20619907415716,1.9973679411814946,True,
1,39,60.201357740545085,43.243601260813065,59.81686914408285,40.515349581377684,2.755211191025377,True,
1,40,6.811035096738519,46.832619468347254,4.582884942628894,53.138343227336016,6.687810197212097,True,
1,41,28.31123123078926,93.86451445296974,23.494304265508912,100.97478694476828,8.5882920476933,True,
1,42,80.34100762678843,74.61917353020827,83.81935544757157,80.83617205198158,7.123901612324408,True,
1,43,94.5142584651447,25.660237168632968,92.83254259175085,32.842690029667935,7.376706404610004,True,
1,44,68.34897961501137,32.47848115774552,63.96374403551615,24.050684961672143,9.500423138482816,True,
1,45,81.19147143441458,51.01785564439161,75.25749985695401,48.94783465934805,6.284664315667988,True,
1,46,17.53280478061694,75.59189972215846,20.291498085422006,64.26754204638941,11.655533686568184,True,
1,47,42.85475590784861,50.06850332048509,38.869819256610626,49.62232263508875,4.0098375675830775,True,
1,48,48.2587707361883,4.463831452944866,54.815907555664516,-4.621328538121786,11.20429271898092,True,
1,49,42.589764102655224,85.7072229053037,26.03182735150269,100.14573091252561,21.96897318787974,True,
1,50,20.835427049452324,66.03497492591494,20.14366248370434,62.708345125512025,3.3977939966032693,True,
1,51,39.53383942317885,38.275148178092365,38.83363451720998,41.98083908666046,3.7712639817688576,True,
1,52,11.73968930870711,41.676440490526325,14.353691020214994,45.047116277922285,4.26549647889944,True,
1,53,83.84838228756209,22.881009289676847,93.24682035477896,26.292111158985684,9.998312560933144,True,
1,54,57.79819535348073,10.52775213200109,63.86386627286722,10.869011374917768,6.0752630867450526,True,
1,55,57.69147740384463,87.30856118634192,68.9190734301308,96.01425743520734,14.207324157172819,True,
1,56,68.73099969079553,76.7477951809748,70.14654676599766,69.65799770072124,7.2297304122023185,True,
1,57,69.43783013724692,42.311438910227594,71.45169906112368,40.48252044140072,2.7204063682054103,True,
1,58,42.98706172611185,86.23500472815522,45.87064406321177,85.54471012996198,2.965055434073605,True,
1,59,81.45839644942303,68.20042374419498,81.0629766271118,73.2674727001504,5.082454324234075,True,
1,60,56.63718503482395,14.668715911211592,45.20258740950036,23.365716695166416,14.36620497867014,True,
1,61,46.507397806330474,62.64339619539004,54.18597219114271,57.44849206354437,9.27078926101558,True,
1,62,72.42190513240097,21.781131110666877,74.53152907323457,27.35127114872178,5.956254965603852,True,
1,63,16.628935524188996,77.9432657873154,24.177392712600412,79.23128302304748,7.657557987036265,True,
1,64,18.058322353874384,95.09742877982288,29.17828650557756,101.50251100076595,12.832719158159925,True,
1,65,27.496430785229872,77.26817061067466,19.301783408182086,74.17508706173948,8.758961780647843,True,
1,66,87.43635844487765,59.4845583257959,86.1685636834993,62.0729672424381,2.8822151683611716,True,
1,67,84.16276026695779,3.9969356828890326,97.3858321611865,-10.912847460658876,19.928654337600584,True,
1,68,33.21080592300726,86.49444868705424,38.72741795458478,83.52240232314172,6.266264269578131,True,
1,69,19.67688738885476,51.1214106027518,7.386855463972369,58.902449094646876,14.546114420249179,True,
1,70,63.685548841740484,44.89416857440345,66.37421059629646,40.75241710026796,4.9379152791350664,True,
1,71,39.508626195819666,25.95799104163331,37.07472596822059,36.42310970965858,10.74442083379825,True,
1,72,78.92352734491215,44.80873534562332,72.5550546057509,40.72107379535738,7.567458092316239,True,
1,73,54.76582011294073,55.698530760113556,55.7714088062509,58.13210299638476,2.6331506696851372,True,
1,74,88.9198272720378,25.954285512454582,85.2306960998241,27.905801392264884,4.173500094039839,True,
1,75,63.04178817364071,6.065043421209777,65.38065076915736,12.283656560253007,6.643901535527747,True,
1,76,64.31075224396936,47.94269399772743,63.814549665951326,47.057118443287486,1.015116279572622,True,
1,77,90.26069818639597,13.398591553140648,77.98586967387793,9.591307218656482,12.851724748660564,True,
1,78,55.48519491722067,48.450966012570206,49.659585919077834,45.0771335229073,6.732047672703137,True,
1,79,53.61769028030827,21.9388824909848,49.82666152887066,23.300257639130425,4.028056763281162,True,
2,0,93.89416536315095,30.14620452825978,75.71192457470525,42.19810360198342,21.81380643932276,True,
2,1,8.036642284785348,33.29180314859829,7.967663578858147,28.031090352411912,5.261165002718552,True,
2,2,55.82526066361373,85.61981241695517,55.493539577479126,77.21199767462286,8.414356043118616,True,
2,3,71.69210228164086,68.75959554087012,72.03638619663595,69.8670243098379,1.159711124574493,True,
2,4,54.00362594645869,45.44740343328356,57.460366344939416,32.632588785133926,13.27284930408385,True,
2,5,80.11276869314742,35.523123299974685,78.40906409670043,32.767597078926656,3.2396811736400557,True,
2,6,69.46232657055918,73.09976442434888,98.19264605211504,102.16207356059434,40.86623385929959,True,
2,7,76.47531270101051,78.47809659723579,78.68621110815992,76.27261061440262,3.122857695638628,True,
2,8,40.09278230226733,34.636278082955116,27.139877136187746,42.8835466102279,15.355624064244196,True,
2,9,57.39544344845955,63.61078475221331,53.864395121747044,54.86212284791972,9.43437265541367,True,
2,10,68.8873023325835,57.269936084622785,62.9000978839168,64.59668567712548,9.461917178953362,True,
2,11,97.9493509182209,85.03532042458274,108.37871683581989,101.37848040068015,19.387381242640473,True,
2,12,84.92353192815025,16.10331287000345,91.17514894587832,13.74115073900418,6.683002713561784,True,
2,13,82.03059606542631,2.225089598475667,76.55307045800862,22.146077559843093,20.66032546057449,True,
2,14,58.47353315478107,66.96046058452855,46.694859018771375,39.66974867797456,29.7240663565541,True,
2,15,25.075750894125633,76.40826728959952,24.55501527983787,81.37402636008102,4.992987955729205,True,
2,16,10.647840719981644,69.63105170187215,21.72982931872956,82.88831896606516,17.27905109133665,True,
2,17,70.35826785082438,41.51179713691665,66.35765385886494,29.74603605205827,12.427310498198292,True,
2,18,24.494026528699113,46.8577478691227,22.30902169289017,33.890143289077486,13.150399791524135,True,
2,19,6.915120295691534,87.65854719606564,4.103844713625777,85.4246933645853,3.5907343731803087,True,
2,20,75.84523039705334,91.72803371006896,103.33883493312972,138.7051314387673,54.4311124394664,True,
2,21,37.75750037964265,9.412173064655496,39.65137156087852,37.55362435240224,28.205106428300148,True,
2,22,65.66352249497959,71.77036231080746,55.39720001699525,49.2380098615182,24.76094271470612,True,
2,23,60.523959270027255,74.79125373904218,51.488589124042974,74.65995606374037,9.036324073121971,True,
2,24,63.55449193928654,29.516082997336255,72.09291923646073,19.018606019192116,13.531510027184531,True,
2,25,72.30953823743259,74.4178557514449,70.34694841217264,77.31292679355123,3.4975984848259083,True,
2,26,67.60072800662148,57.32152608609464,59.08454918150395,49.253226479123875,11.731272749758434,True,
2,27,67.63077592528177,73.59318866286374,74.8762771707875,83.67600645835621,12.41613881187404,True,
2,28,5.562780260263431,41.344382210593636,-1.0751409050460674,31.247037731066012,12.083805813364878,True,
2,29,58.29507817271991,44.76611177923242,56.011984650490014,52.561147602269216,8.122505741067537,True,
2,30,6.467641361893989,92.12109554143312,-13.497565377521209,97.27866572712853,20.620620998601478,True,
2,31,73.82367481050838,95.88166740072212,83.97397118637151,107.73839775271111,15.608029060635335,True,
2,32,29.839320076543792,58.08842856642992,52.144826178193966,57.60162695749042,22.310817516559524,True,
2,33,13.371227614128346,1.9781338201105474,24.473790913060125,-3.395205637914984,12.334491831363017,True,
2,34,31.141044094018135,86.1916778146845,38.19576431509253,87.17413772541703,7.122801757302569,True,
2,35,49.463536169114185,33.685481601468865,49.90082263567268,22.854024502872505,10.84028054676486,True,
2,36,24.838827007252565,26.50470868432968,22.514421013746066,19.171696335479453,7.692589507509086,True,
2,37,97.90065141894024,12.447704455050003,80.33492519061186,39.65703012999312,32.38675873893067,True,
2,38,91.58896710498118,58.499477319435044,72.34523813350717,19.74073133404046,43.273103598978075,True,
2,39,60.201357740545085,43.243601260813065,57.48739930785653,45.5326819488719,3.550416985482863,True,
2,40,6.811035096738519,46.832619468347254,20.395975601077403,31.393524666631887,20.56492783363904,True,
2,41,28.31123123078926,93.86451445296974,37.964109683317865,66.67442138329648,28.852716051643824,True,
2,42,80.34100762678843,74.61917353020827,73.4279179663315,74.77863336951121,6.914928495209974,True,
2,43,94.5142584651447,25.660237168632968,96.42514918866942,6.1778311708110865,19.57589453438128,True,
2,44,68.34897961501137,32.47848115774552,81.52804347470956,42.55139160108644,16.587683654373492,True,
2,45,81.19147143441458,51.01785564439161,71.75816600422321,24.661219982926124,27.993918888403464,True,
2,46,17.53280478061694,75.59189972215846,40.765881849227306,69.32349345699086,24.063848137427673,True,
2,47,42.85475590784861,50.06850332048509,40.12192879617355,50.429967746482085,2.756628475795679,True,
2,48,48.2587707361883,4.463831452944866,62.31188306402624,-35.442091865631525,42.30806875770779,True,
2,49,42.589764102655224,85.7072229053037,18.872467114688348,94.36551260187983,25.248290177460714,True,
2,50,20.835427049452324,66.03497492591494,20.34398248346256,60.46454908391964,5.592062394377396,True,
2,51,39.53383942317885,38.275148178092365,35.17668805941404,45.10177142967297,8.098614265772786,True,
2,52,11.73968930870711,41.676440490526325,4.310602477350657,34.962697892306615,10.013274730226062,True,
2,53,83.84838228756209,22.881009289676847,77.7696562217356,22.105783469301787,6.127959338632604,True,
2,54,57.79819535348073,10.52775213200109,55.64954518310478,19.09232365096397,8.829982041776004,True,
2,55,57.69147740384463,87.30856118634192,43.8627081735173,79.91675087033997,15.680360906988106,True,
2,56,68.73099969079553,76.7477951809748,66.04865530341674,74.65472703598608,3.4023382653800054,True,
2,57,69.43783013724692,42.311438910227594,67.32630258159745,55.2198249358578,13.079945657568775,True,
2,58,42.98706172611185,86.23500472815522,25.764532336878606,73.18533573386674,21.60808597316053,True,
2,59,81.45839644942303,68.20042374419498,84.71740622397489,51.81965097077826,16.7018220971526,True,
2,60,56.63718503482395,14.668715911211592,61.42798533894371,5.332359454827726,10.493775270826731,True,
2,61,46.507397806330474,62.64339619539004,48.50813425974904,63.3448446103837,2.1201359001099513,True,
2,62,72.42190513240097,21.781131110666877,75.9863825726367,27.203442777926913,6.488987843944062,True,
2,63,16.628935524188996,77.9432657873154,1.0397802013492212,68.76259790500055,18.09161204660854,True,
2,64,18.058322353874384,95.09742877982288,9.466593580113079,100.93650004963342,10.388096871699112,True,
2,65,27.496430785229872,77.26817061067466,46.299879097010106,94.23705377375408,25.328100288336497,True,
2,66,87.43635844487765,59.4845583257959,88.6082279823713,57.05302129050509,2.6991944292504004,True,
2,67,84.16276026695779,3.9969356828890326,76.3319914500303,4.635075886050188,7.856727256501558,True,
2,68,33.21080592300726,86.49444868705424,52.40602541824983,91.99062101707158,19.96658112326166,True,
2,69,19.67688738885476,51.1214106027518,26.088853045182603,33.58010441560108,18.676475211594397,True,
2,70,63.685548841740484,44.89416857440345,60.42269285214578,29.394108585267368,15.83976290465395,True,
2,71,39.508626195819666,25.95799104163331,23.20636114465435,45.704761295862845,25.606615966811596,True,
2,72,78.92352734491215,44.80873534562332,95.60697474189101,55.21791121898458,19.664393186933765,True,
2,73,54.76582011294073,55.698530760113556,66.96561860842691,68.77649753773004,17.88486226860322,True,
2,74,88.9198272720378,25.954285512454582,74.89651089248552,51.95606157436011,29.542270743030272,True,
2,75,63.04178817364071,6.065043421209777,51.152248933192205,2.2294531558623256,12.492913832801097,True,
2,76,64.31075224396936,47.94269399772743,63.52694013075874,64.22032269036856,16.29648910913972,True,
2,77,90.26069818639597,13.398591553140648,123.82427027742729,22.717008509298786,34.83312024609153,True,
2,78,55.48519491722067,48.450966012570206,47.632125104536286,42.201130812917775,10.03649069673804,True,
2,79,53.61769028030827,21.9388824909848,49.10005228311663,32.390700706105,11.386375941254887,True,
4,0,93.89416536315095,30.14620452825978,60.706084981689386,33.64706919782107,33.37221498254103,True,
4,1,8.036642284785348,33.29180314859829,43.62180155402143,48.58561182699335,38.73246886151529,True,
4,2,55.82526066361373,85.61981241695517,86.36113093647822,99.16425313807831,33.40495843088609,True,
4,3,71.69210228164086,68.75959554087012,64.18933232944019,15.144704053389376,54.137308264910814,True,
4,4,54.00362594645869,45.44740343328356,41.335178676029265,74.91880881032769,32.07886050254461,True,
4,5,80.11276869314742,35.523123299974685,64.57677412576238,21.460104187190222,20.955563312981074,True,
4,6,69.46232657055918,73.09976442434888,51.724097824939925,80.40916973918323,19.185206933688313,True,
4,7,76.47531270101051,78.47809659723579,66.94423912891692,79.0243904048016,9.54671673198936,True,
4,8,40.09278230226733,34.636278082955116,39.43522700182672,28.704293981220154,5.968317548218583,True,
4,9,57.39544344845955,63.61078475221331,83.59834534754683,60.656152487866215,26.36895750215985,True,
4,10,68.8873023325835,57.269936084622785,67.91661784128827,78.3424154707054,21.09482438558136,True,
4,11,97.9493509182209,85.03532042458274,44.23837035540302,64.7500066097359,57.41396510942452,True,
4,12,84.92353192815025,16.10331287000345,74.81876360880052,17.60555671775094,10.21582494788498,True,
4,13,82.03059606542631,2.225089598475667,22.406459059131038,-77.19082407307596,99.30722560837559,True,
4,14,58.47353315478107,66.96046058452855,119.01647721954609,96.266399591173,67.26281392486067,True,
4,15,25.075750894125633,76.40826728959952,73.72839448084345,86.82125128346178,49.754496918696965,True,
4,16,10.647840719981644,69.63105170187215,-45.75037034751601,65.96383470885587,56.51731320655541,True,
4,17,70.35826785082438,41.51179713691665,68.59077017795134,62.64276196953031,21.20475707903222,True,
4,18,24.494026528699113,46.8577478691227,3.740553216452986,65.41042269409455,27.83717653935572,True,
4,19,6.915120295691534,87.65854719606564,-28.203648787380445,102.99013176721004,38.319517577499404,True,
4,20,75.84523039705334,91.72803371006896,144.606419434601,82.84018268309764,69.3332172463892,True,
4,21,37.75750037964265,9.412173064655496,34.4541286718961,33.96190583466434,24.770983906950214,True,
4,22,65.66352249497959,71.77036231080746,46.120849980755786,38.91397028280464,38.229027532700925,True,
4,23,60.523959270027255,74.79125373904218,82.62324372799193,108.85831547705185,40.60718001801408,True,
4,24,63.55449193928654,29.516082997336255,37.597364413133846,35.27365606934871,26.588007016106282,True,
4,25,72.30953823743259,74.4178557514449,29.538486804056145,85.89084569015857,44.28309314908296,True,
4,26,67.60072800662148,57.32152608609464,60.8485395491779,54.30177847108317,7.396683352909046,True,
4,27,67.63077592528177,73.59318866286374,87.7458118423287,86.33936077935151,23.813432628817264,True,
4,28,5.562780260263431,41.344382210593636,3.616917463586528,57.07268373470252,15.84821286002864,True,
4,29,58.29507817271991,44.76611177923242,103.10019993895932,107.34322220349439,76.96358675073438,True,
4,30,6.467641361893989,92.12109554143312,,,,False,estimate_outside_bounds
4,31,73.82367481050838,95.88166740072212,56.057900508382886,58.227932202490365,41.634439001055604,True,
4,32,29.839320076543792,58.08842856642992,3.4117487788122647,68.07901843866907,28.25293631982295,True,
4,33,13.371227614128346,1.9781338201105474,17.821762436929887,3.222897956425069,4.621330756830114,True,
4,34,31.141044094018135,86.1916778146845,119.63031828832088,184.71197136622777,132.42582787702992,True,
4,35,49.463536169114185,33.685481601468865,-2.439966328780514,62.412377388778985,59.322913896098676,True,
4,36,24.838827007252565,26.50470868432968,49.893373823338514,39.67596609300848,28.305694442728637,True,
4,37,97.90065141894024,12.447704455050003,116.41116626027895,49.73377469352663,41.62799771211718,True,
4,38,91.58896710498118,58.499477319435044,62.325351505645735,37.48711804850575,36.026079998749196,True,
4,39,60.201357740545085,43.243601260813065,48.61610562643017,53.204078445051735,15.27838906054376,True,
4,40,6.811035096738519,46.832619468347254,17.075707041291686,28.832913127889707,20.720832957967797,True,
4,41,28.31123123078926,93.86451445296974,48.06699713188915,83.46970611041745,22.32358230252161,True,
4,42,80.34100762678843,74.61917353020827,30.514840993409482,72.43216655701303,49.874140402397416,True,
4,43,94.5142584651447,25.660237168632968,107.70277307545973,33.66261816181979,15.426438966482532,True,
4,44,68.34897961501137,32.47848115774552,59.91451667378228,6.446307388959429,27.36447032623218,True,
4,45,81.19147143441458,51.01785564439161,101.05102790895664,33.18434370811059,26.691499233782338,True,
4,46,17.53280478061694,75.59189972215846,12.241263585618853,107.11186586909844,31.961049327620707,True,
4,47,42.85475590784861,50.06850332048509,35.179613060805444,55.3826859656635,9.335328323569197,True,
4,48,48.2587707361883,4.463831452944866,27.565036676809978,-0.8749787191854391,21.37132479221437,True,
4,49,42.589764102655224,85.7072229053037,20.732147052319906,71.5073968811611,26.065120031088032,True,
4,50,20.835427049452324,66.03497492591494,1.785293175131838,62.46954439806953,19.380915754381288,True,
4,51,39.53383942317885,38.275148178092365,36.84490237642151,51.50185497505801,13.497264727874358,True,
4,52,11.73968930870711,41.676440490526325,32.925014554183996,49.32965998626298,22.52531408008696,True,
4,53,83.84838228756209,22.881009289676847,109.31110778921037,92.29356899831407,73.93547075171305,True,
4,54,57.79819535348073,10.52775213200109,60.776331816778736,59.47452181672987,49.037287438885826,True,
4,55,57.69147740384463,87.30856118634192,53.95647533636375,67.87865421082013,19.785639376111067,True,
4,56,68.73099969079553,76.7477951809748,103.49121928334348,105.6476793245729,45.204824627859665,True,
4,57,69.43783013724692,42.311438910227594,45.72135671610932,60.17006635732443,29.688409957923422,True,
4,58,42.98706172611185,86.23500472815522,42.46199120191857,72.3207168762894,13.924191376161037,True,
4,59,81.45839644942303,68.20042374419498,59.09124930664422,63.818105646743966,22.79241064946762,True,
4,60,56.63718503482395,14.668715911211592,76.52650954495452,0.7332787777953063,24.28542026749132,True,
4,61,46.507397806330474,62.64339619539004,32.576859084678404,57.64794345610132,14.799137040581616,True,
4,62,72.42190513240097,21.781131110666877,115.90522407237437,29.013530231287056,44.080683105816284,True,
4,63,16.628935524188996,77.9432657873154,59.68102235031978,75.9665458491569,43.097443100474266,True,
4,64,18.058322353874384,95.09742877982288,-68.5090271133099,90.98794171417255,86.66483645467959,True,
4,65,27.496430785229872,77.26817061067466,75.10583686430137,93.98771699080113,50.45987295226901,True,
4,66,87.43635844487765,59.4845583257959,91.01978852102,81.7374476567431,22.539566426308763,True,
4,67,84.16276026695779,3.9969356828890326,,,,False,estimate_outside_bounds
4,68,33.21080592300726,86.49444868705424,-81.83914976660856,88.66968077635464,115.07051724410073,True,
4,69,19.67688738885476,51.1214106027518,-39.58494681722801,73.14350744459196,63.22133929916882,True,
4,70,63.685548841740484,44.89416857440345,97.70619597729664,80.15440767490604,48.996825335389204,True,
4,71,39.508626195819666,25.95799104163331,33.65066232551707,3.641223877960049,23.072794311556105,True,
4,72,78.92352734491215,44.80873534562332,61.35092180624983,1.7204755191588574,46.5338006215948,True,
4,73,54.76582011294073,55.698530760113556,45.68216984211552,44.87704964503245,14.128593552322181,True,
4,74,88.9198272720378,25.954285512454582,120.0351652093251,67.29275883650539,51.740058288668855,True,
4,75,63.04178817364071,6.065043421209777,42.09611127437199,29.743194292186406,31.61291206828771,True,
4,76,64.31075224396936,47.94269399772743,68.20883894836288,14.176959668639707,33.989996980545655,True,
4,77,90.26069818639597,13.398591553140648,153.34040226824274,58.77082968467243,77.70256791199235,True,
4,78,55.48519491722067,48.450966012570206,56.38168059707872,34.539015334578494,13.940805509046621,True,
4,79,53.61769028030827,21.9388824909848,47.23514729901988,24.88624687175822,7.030207088062596,True,
6,0,93.89416536315095,30.14620452825978,118.50850224059555,10.53980312834463,31.46865989791945,True,
6,1,8.036642284785348,33.29180314859829,-0.6495878840510092,22.98974278461467,13.475275221277123,True,
6,2,55.82526066361373,85.61981241695517,27.357151478391728,30.766262909598513,61.80085059396634,True,
6,3,71.69210228164086,68.75959554087012,88.24607203843148,92.53568606418831,28.971302961409236,True,
6,4,54.00362594645869,45.44740343328356,68.08614260911872,0.24218259443541504,47.347959477079144,True,
6,5,80.11276869314742,35.523123299974685,70.6234455867332,10.786410090033293,26.494381167500702,True,
6,6,69.46232657055918,73.09976442434888,86.6157590534165,84.51415569470505,20.604091196088405,True,
6,7,76.47531270101051,78.47809659723579,38.83467926311523,81.28566415905158,37.74519467720574,True,
6,8,40.09278230226733,34.636278082955116,39.12960133580975,34.575119963178274,0.9651206607263121,True,
6,9,57.39544344845955,63.61078475221331,83.66627163222553,97.16327438699192,42.6136829451865,True,
6,10,68.8873023325835,57.269936084622785,103.91527256950317,84.5798880772115,44.41612518844965,True,
6,11,97.9493509182209,85.03532042458274,76.64022338912999,72.04330430646442,24.957391667890825,True,
6,12,84.92353192815025,16.10331287000345,,,,False,estimate_outside_bounds
6,13,82.03059606542631,2.225089598475667,106.08449265519128,-59.09330762060894,65.86756241632561,True,
6,14,58.47353315478107,66.96046058452855,52.704227770642845,44.695222697504306,23.000558749326636,True,
6,15,25.075750894125633,76.40826728959952,17.538542244864498,32.696050886996936,44.35726972042413,True,
6,16,10.647840719981644,69.63105170187215,79.0974912287284,82.78331557118527,69.7017697024804,True,
6,17,70.35826785082438,41.51179713691665,31.492806237720565,25.583253939631675,42.00288793389592,True,
6,18,24.494026528699113,46.8577478691227,-13.89517143281089,71.90804121620897,45.839368635519826,True,
6,19,6.915120295691534,87.65854719606564,-62.5327707611262,60.23338898708027,74.66691954960713,True,
6,20,75.84523039705334,91.72803371006896,77.45327667495994,96.13031912789708,4.686782449816868,True,
6,21,37.75750037964265,9.412173064655496,59.50201774305732,-4.746554348964236,25.947901598029638,True,
6,22,65.66352249497959,71.77036231080746,75.83467155845808,83.10897677694524,15.232086241983023,True,
6,23,60.523959270027255,74.79125373904218,63.44162999206765,111.57788085494279,36.902150845263286,True,
6,24,63.55449193928654,29.516082997336255,60.856922817897015,62.70024256537481,33.29362289390746,True,
6,25,72.30953823743259,74.4178557514449,53.336773879444614,51.57350292251662,29.69562667391114,True,
6,26,67.60072800662148,57.32152608609464,96.0386276657739,20.354791664290893,46.63961396534272,True,
6,27,67.63077592528177,73.59318866286374,59.643440053737734,52.50579412658951,22.549406702912215,True,
6,28,5.562780260263431,41.344382210593636,,,,False,estimate_outside_bounds
6,29,58.29507817271991,44.76611177923242,57.87023838159544,35.121213896837205,9.654250049069288,True,
6,30,6.467641361893989,92.12109554143312,36.020982435466905,59.95203729974183,43.68350119631276,True,
6,31,73.82367481050838,95.88166740072212,72.78131139531006,45.842333629415485,50.05018926802948,True,
6,32,29.839320076543792,58.08842856642992,-52.36694434705018,137.82027726499103,114.52090467409037,True,
6,33,13.371227614128346,1.9781338201105474,-26.185019005591663,19.725201736389423,43.35498894320151,True,
6,34,31.141044094018135,86.1916778146845,7.243936755869821,30.227427332419694,60.85284768334723,True,
6,35,49.463536169114185,33.685481601468865,39.804435487348215,13.558307992022922,22.324904109206585,True,
6,36,24.838827007252565,26.50470868432968,24.82190091518071,26.200119981017995,0.30505863498337465,True,
6,37,97.90065141894024,12.447704455050003,-19.61763413935264,-27.193400315449274,124.02404858730492,True,
6,38,91.58896710498118,58.499477319435044,,,,False,estimate_outside_bounds
6,39,60.201357740545085,43.243601260813065,143.03211938948132,147.3066446591343,133.00395511661964,True,
6,40,6.811035096738519,46.832619468347254,38.68250083631062,50.98377149504719,32.140665698418466,True,
6,41,28.31123123078926,93.86451445296974,162.17941229243735,175.2149717214686,156.64797093658143,True,
6,42,80.34100762678843,74.61917353020827,77.32199098524089,4.866450498818272,69.81802655314561,True,
6,43,94.5142584651447,25.660237168632968,70.7936035499532,54.59806881243708,37.417476796956116,True,
6,44,68.34897961501137,32.47848115774552,59.7840957238947,32.558627435562194,8.565258869068566,True,
6,45,81.19147143441458,51.01785564439161,27.36079188130533,71.63551083726777,57.64399159324298,True,
6,46,17.53280478061694,75.59189972215846,-24.17397921047722,64.33467440766125,43.19931657632033,True,
6,47,42.85475590784861,50.06850332048509,81.4919347593591,67.71459614580961,42.47606598548856,True,
6,48,48.2587707361883,4.463831452944866,32.440672583367736,24.00180122363661,25.13850615953004,True,
6,49,42.589764102655224,85.7072229053037,47.75542768184895,58.05769564030024,28.127929859688894,True,
6,50,20.835427049452324,66.03497492591494,-31.89084477027758,90.70275746674811,58.21133253491005,True,
6,51,39.53383942317885,38.275148178092365,22.864930195109007,47.08726115693792,18.854863298511876,True,
6,52,11.73968930870711,41.676440490526325,-58.633705528179284,-2.046337291526448,82.84984005927275,True,
6,53,83.84838228756209,22.881009289676847,85.78184798732013,30.631211941242334,7.987736272090709,True,
6,54,57.79819535348073,10.52775213200109,-1.2799405541385391,-7.43081592086207,61.747358719450105,True,
6,55,57.69147740384463,87.30856118634192,-68.21351298345667,111.98547574807388,128.30049382879807,True,
6,56,68.73099969079553,76.7477951809748,57.24648847768214,191.76070231740434,115.58487273764284,True,
6,57,69.43783013724692,42.311438910227594,,,,False,estimate_outside_bounds
6,58,42.98706172611185,86.23500472815522,47.48731167865643,48.881392908827905,37.62372344125933,True,
6,59,81.45839644942303,68.20042374419498,118.04406027920206,87.3804868447398,41.308420671897906,True,
6,60,56.63718503482395,14.668715911211592,61.77790318706541,-41.98575292159009,56.88722019792918,True,
6,61,46.507397806330474,62.64339619539004,-55.34246314171537,-50.68646409266934,152.3714258253408,True,
6,62,72.42190513240097,21.781131110666877,99.78302835355595,88.40442328834679,72.02287223178296,True,
6,63,16.628935524188996,77.9432657873154,-64.67833797571116,66.30084580898294,82.13658543511194,True,
6,64,18.058322353874384,95.09742877982288,,,,False,estimate_outside_bounds
6,65,27.496430785229872,77.26817061067466,2.6891121196772687,57.460993032104575,31.744721498278796,True,
6,66,87.43635844487765,59.4845583257959,155.5268221873506,115.48158136215677,88.15882168903889,True,
6,67,84.16276026695779,3.9969356828890326,79.85298169538507,8.441156673304508,6.190742406823023,True,
6,68,33.21080592300726,86.49444868705424,,,,False,estimate_outside_bounds
6,69,19.67688738885476,51.1214106027518,6.780063465834543,53.721516317566035,13.156314720680568,True,
6,70,63.685548841740484,44.89416857440345,160.1266082964406,140.348251835506,135.6921514309597,True,
6,71,39.508626195819666,25.95799104163331,46.08256660068961,31.445571125813004,8.563307049678134,True,
6,72,78.92352734491215,44.80873534562332,81.49443821462336,76.0293980922925,31.326336604225776,True,
6,73,54.76582011294073,55.698530760113556,54.68784828255353,68.09677274098706,12.398487158626578,True,
6,74,88.9198272720378,25.954285512454582,107.39781756471167,26.81053228463895,18.497818352201058,True,
6,75,63.04178817364071,6.065043421209777,64.88891071515863,44.800547057536534,38.779519125993126,True,
6,76,64.31075224396936,47.94269399772743,36.15723502695792,44.227604767742406,28.397577707884,True,
6,77,90.26069818639597,13.398591553140648,118.47008215495596,34.18926548930951,35.04313722550737,True,
6,78,55.48519491722067,48.450966012570206,56.32188666444536,56.42220783511375,8.0150327056938,True,
6,79,53.61769028030827,21.9388824909848,139.54674754477153,126.34598963337982,135.2207340026039,True,
8,0,93.89416536315095,30.14620452825978,80.65190812755786,70.6859935554443,42.647765135611124,True,
8,1,8.036642284785348,33.29180314859829,-99.98755474507553,123.55301319254943,140.77042723009853,True,
8,2,55.82526066361373,85.61981241695517,101.6770448490582,129.53824086843022,63.491845701916,True,
8,3,71.69210228164086,68.75959554087012,86.12824193008156,68.24543248594871,14.4452930602438,True,
8,4,54.00362594645869,45.44740343328356,,,,False,estimate_outside_bounds
8,5,80.11276869314742,35.523123299974685,119.78963035724489,110.18861391253544,84.55287600032494,True,
8,6,69.46232657055918,73.09976442434888,,,,False,estimate_outside_bounds
8,7,76.47531270101051,78.47809659723579,111.37846871148844,105.11341378135776,43.90524366166922,True,
8,8,40.09278230226733,34.636278082955116,20.434894597522142,61.7394818818976,33.48158008785402,True,
8,9,57.39544344845955,63.61078475221331,103.54741274579355,-53.71339842688864,126.0752482792143,True,
8,10,68.8873023325835,57.269936084622785,78.14596800883888,69.00452169114999,14.947353928424418,True,
8,11,97.9493509182209,85.03532042458274,,,,False,estimate_outside_bounds
8,12,84.92353192815025,16.10331287000345,,,,False,estimate_outside_bounds
8,13,82.03059606542631,2.225089598475667,62.38792554718508,23.506033640598247,28.960543579362177,True,
8,14,58.47353315478107,66.96046058452855,,,,False,estimate_outside_bounds
8,15,25.075750894125633,76.40826728959952,116.33293189683874,122.95117760373076,102.4407906308381,True,
8,16,10.647840719981644,69.63105170187215,,,,False,estimate_outside_bounds
8,17,70.35826785082438,41.51179713691665,-5.204216226297997,-42.31104626924948,112.85370209523488,True,
8,18,24.494026528699113,46.8577478691227,25.491253185732383,14.531528175726814,32.341597682724235,True,
8,19,6.915120295691534,87.65854719606564,171.8554952578161,196.4797784143819,197.60411852113938,True,
8,20,75.84523039705334,91.72803371006896,,,,False,estimate_outside_bounds
8,21,37.75750037964265,9.412173064655496,62.587119122331124,-7.54586127022289,30.06800451327259,True,
8,22,65.66352249497959,71.77036231080746,,,,False,estimate_outside_bounds
8,23,60.523959270027255,74.79125373904218,-12.337927176610336,130.64722475274007,91.8081913254246,True,
8,24,63.55449193928654,29.516082997336255,-71.97295665603323,-77.16130664020245,172.47537442381824,True,
8,25,72.30953823743259,74.4178557514449,,,,False,estimate_outside_bounds
8,26,67.60072800662148,57.32152608609464,43.28353422896731,39.45321562901705,30.17618981598722,True,
8,27,67.63077592528177,73.59318866286374,55.22939644665756,46.24667859688148,30.02708486952589,True,
8,28,5.562780260263431,41.344382210593636,13.324061782300085,9.384850441296258,32.88843507643737,True,
8,29,58.29507817271991,44.76611177923242,-29.109752857407056,-26.42337898139788,112.7277609205599,True,
8,30,6.467641361893989,92.12109554143312,-56.964176423187205,-49.31710319622178,155.01083694268638,True,
8,31,73.82367481050838,95.88166740072212,126.13882152183145,113.41920750806284,55.17644323843139,True,
8,32,29.839320076543792,58.08842856642992,44.41343075808579,45.445637490757555,19.293648393731477,True,
8,33,13.371227614128346,1.9781338201105474,45.41711292086801,24.924366648636628,39.41406305005412,True,
8,34,31.141044094018135,86.1916778146845,,,,False,estimate_outside_bounds
8,35,49.463536169114185,33.685481601468865,45.76141491193944,-23.42280317206585,57.228156457970606,True,
8,36,24.838827007252565,26.50470868432968,,,,False,estimate_outside_bounds
8,37,97.90065141894024,12.447704455050003,89.98797593933564,102.76461502229296,90.66286322225268,True,
8,38,91.58896710498118,58.499477319435044,55.0494693902683,31.04851017733244,45.70219349528318,True,
8,39,60.201357740545085,43.243601260813065,53.980630454115676,48.75453453154901,8.3107059559722,True,
8,40,6.811035096738519,46.832619468347254,-25.05148494828368,29.260982680375935,36.386571740517525,True,
8,41,28.31123123078926,93.86451445296974,,,,False,estimate_outside_bounds
8,42,80.34100762678843,74.61917353020827,-95.91338765659681,131.296422652404,185.1429783296446,True,
8,43,94.5142584651447,25.660237168632968,63.22637955349944,33.098304776488646,32.15985411236824,True,
8,44,68.34897961501137,32.47848115774552,55.95164807481062,47.89073441816565,19.779569759754313,True,
8,45,81.19147143441458,51.01785564439161,70.37410786035407,-14.243022852987279,66.15132362200367,True,
8,46,17.53280478061694,75.59189972215846,7.119514900376343,50.07347487896163,27.561324580067012,True,
8,47,42.85475590784861,50.06850332048509,59.84000217350638,152.0389200622416,103.37535722401417,True,
8,48,48.2587707361883,4.463831452944866,51.18474362091454,10.652614798416861,6.845608564572233,True,
8,49,42.589764102655224,85.7072229053037,43.662507608294874,77.73428166766925,8.044785305256065,True,
8,50,20.835427049452324,66.03497492591494,,,,False,estimate_outside_bounds
8,51,39.53383942317885,38.275148178092365,73.78544671787978,-68.90021518172874,112.51547055218715,True,
8,52,11.73968930870711,41.676440490526325,55.23160240156151,2.6107426043804023,58.46088654654517,True,
8,53,83.84838228756209,22.881009289676847,93.8258997717277,21.526109213032466,10.069091784491862,True,
8,54,57.79819535348073,10.52775213200109,,,,False,estimate_outside_bounds
8,55,57.69147740384463,87.30856118634192,81.2681020219167,68.41114648855691,30.21538533001926,True,
8,56,68.73099969079553,76.7477951809748,60.327672254237115,50.0082207482904,28.028927072706242,True,
8,57,69.43783013724692,42.311438910227594,88.1662254493066,47.30281170726909,19.382120455817642,True,
8,58,42.98706172611185,86.23500472815522,,,,False,estimate_outside_bounds
8,59,81.45839644942303,68.20042374419498,,,,False,estimate_outside_bounds
8,60,56.63718503482395,14.668715911211592,,,,False,estimate_outside_bounds
8,61,46.507397806330474,62.64339619539004,53.50334340815972,51.79512065391037,12.908459903784808,True,
8,62,72.42190513240097,21.781131110666877,130.7402259950009,59.27733693289003,69.33247434857407,True,
8,63,16.628935524188996,77.9432657873154,,,,False,estimate_outside_bounds
8,64,18.058322353874384,95.09742877982288,,,,False,estimate_outside_bounds
8,65,27.496430785229872,77.26817061067466,29.44705036393375,23.606236082735865,53.697375485414675,True,
8,66,87.43635844487765,59.4845583257959,,,,False,estimate_outside_bounds
8,67,84.16276026695779,3.9969356828890326,,,,False,estimate_outside_bounds
8,68,33.21080592300726,86.49444868705424,46.375114719656956,71.61766501986934,19.864987248265937,True,
8,69,19.67688738885476,51.1214106027518,1.9398158841645923,6.670846814841748,47.85871212878124,True,
8,70,63.685548841740484,44.89416857440345,49.58025070738231,52.209183675619066,15.889269378739245,True,
8,71,39.508626195819666,25.95799104163331,,,,False,estimate_outside_bounds
8,72,78.92352734491215,44.80873534562332,,,,False,estimate_outside_bounds
8,73,54.76582011294073,55.698530760113556,53.95155102370384,-43.17857244895563,98.88045597167626,True,
8,74,88.9198272720378,25.954285512454582,92.44457842215265,92.14610641210065,66.28560194100268,True,
8,75,63.04178817364071,6.065043421209777,65.29642872431027,-50.61847677033766,56.728342698498516,True,
8,76,64.31075224396936,47.94269399772743,,,,False,estimate_outside_bounds
8,77,90.26069818639597,13.398591553140648,133.2636922696156,57.42628236482988,61.54425284566486,True,
8,78,55.48519491722067,48.450966012570206,89.2056225309259,84.04027608714726,49.02719888016779,True,
8,79,53.61769028030827,21.9388824909848,-11.013280280347987,55.97500885624178,73.04533012838094,True,
