config_id,seed,node_count,mac,retry_limit,radio_range_m,aggregation_threshold,security_enabled,pdr,latency_mean,energy_per_delivered_packet,total_tx_bytes,communication_saving_ratio,lifetime_proxy,hop_count,link_prr,generated_packets,is_pareto,dominates_count,dominated_by_count,recommendation_rank
cfg_001,2026,20,aloha,0,25.0,0.0,False,0.664447576209997,0.030429714285714286,0.00018320181208927785,46080,0.0,684586.4002804066,4,0.9998830703536867,240,False,24,6,183
cfg_002,2026,20,aloha,0,25.0,0.0,True,0.664447576209997,0.032445714285714286,0.00023080827666610516,57600,-0.25,543383.7593462007,4,0.9998830703536867,240,False,14,48,227
cfg_003,2026,20,aloha,0,25.0,0.35,False,0.6798509878233966,0.026541714285714287,0.00017905100114618208,24384,0.4708333333333333,1293706.5832070676,4,0.9998830703536867,127,True,38,0,21
cfg_004,2026,20,aloha,0,25.0,0.35,True,0.6798509878233966,0.028557714285714287,0.00022557884410964185,30480,0.33854166666666663,1026866.9467959699,4,0.9998830703536867,127,False,22,20,169
cfg_005,2026,20,aloha,0,40.0,0.0,False,0.7506719300643595,0.022822285714285715,0.00024131979996170735,34560,0.0,460018.84237178357,3,0.9995594479432075,240,False,38,12,123
cfg_006,2026,20,aloha,0,40.0,0.0,True,0.7506719300643595,0.024334285714285715,0.0003028486758263478,43200,-0.25,366558.16544969357,3,0.9995594479432075,240,False,14,80,191
cfg_007,2026,20,aloha,0,40.0,0.35,False,0.7680742190325296,0.019906285714285717,0.0002358522073923794,18288,0.4708333333333333,869326.9462143941,3,0.9995594479432075,127,False,58,2,81
cfg_008,2026,20,aloha,0,40.0,0.35,True,0.7680742190325296,0.021418285714285716,0.0002959870210021613,22860,0.33854166666666663,692708.3441569012,3,0.9995594479432075,127,False,22,30,131
cfg_009,2026,20,aloha,0,55.0,0.0,False,0.8367581260127124,0.015214857142857143,0.0002489608329143793,23040,0.0,400025.6016385048,2,0.9989182293741451,240,False,90,6,51
cfg_010,2026,20,aloha,0,55.0,0.0,True,0.8367581260127124,0.016222857142857143,0.0003119180942331653,28800,-0.25,319284.8020434227,2,0.9989182293741451,240,False,30,34,95
cfg_011,2026,20,aloha,0,55.0,0.35,False,0.8561560895200053,0.013270857142857143,0.0002433201171491899,12192,0.4708333333333333,755953.8928601666,2,0.9989182293741451,127,True,130,0,7
cfg_012,2026,20,aloha,0,55.0,0.35,True,0.8561560895200053,0.014278857142857143,0.00030485095322551156,15240,0.33854166666666663,603372.854255287,2,0.9989182293741451,127,False,54,12,61
cfg_013,2026,20,aloha,2,25.0,0.0,False,0.6647584415541906,0.030434174534147356,0.00021365536630309226,53765,-0.16677517361111116,586733.7733641055,4,0.9998830703536867,240,False,18,24,207
cfg_014,2026,20,aloha,2,25.0,0.0,True,0.6647584415541906,0.03245035415908512,0.0002614884244171419,65287,-0.416818576388889,479404.8514764219,4,0.9998830703536867,240,False,4,92,251
cfg_015,2026,20,aloha,2,25.0,0.35,False,0.6801690597359101,0.02654617453414736,0.00020881716735703806,28451,0.38257378472222225,1108774.430597207,4,0.9998830703536867,127,True,34,0,23
cfg_016,2026,20,aloha,2,25.0,0.35,True,0.6801690597359101,0.02856235415908512,0.0002555660589026858,34548,0.25026041666666665,905954.1663291986,4,0.9998830703536867,127,False,12,40,193
cfg_017,2026,20,aloha,2,40.0,0.0,False,0.7516649348721217,0.022834889921875254,0.00028127243295707097,40335,-0.16710069444444442,394155.22975998116,3,0.9995594479432075,240,False,22,54,157
cfg_018,2026,20,aloha,2,40.0,0.0,True,0.7516649348721217,0.024347397661431878,0.000342908090482963,48979,-0.41721643518518525,323308.2085674832,3,0.9995594479432075,240,False,4,112,221
cfg_019,2026,20,aloha,2,40.0,0.35,False,0.769090243958561,0.019918889921875252,0.00027490043691918135,21344,0.3824074074074074,744858.095594492,3,0.9995594479432075,127,False,40,14,105
cfg_020,2026,20,aloha,2,40.0,0.35,True,0.769090243958561,0.02143139766143188,0.0003351381074504768,25918,0.2500578703703704,610977.4190688619,3,0.9995594479432075,127,False,14,46,165
cfg_021,2026,20,aloha,2,55.0,0.0,False,0.8385714264483034,0.015235492267172902,0.00029009579147837045,26905,-0.16775173611111116,342560.48547672003,2,0.9989182293741451,240,False,48,20,77
cfg_022,2026,20,aloha,2,55.0,0.0,True,0.8385714264483034,0.016244323965748424,0.00035307777985475275,32671,-0.4180121527777778,281454.5712971924,2,0.9989182293741451,240,False,12,40,127
cfg_023,2026,20,aloha,2,55.0,0.35,False,0.8580114263990846,0.013291492267172902,0.0002835185156043646,14237,0.38207465277777775,647368.8179919331,2,0.9989182293741451,127,True,82,0,11
cfg_024,2026,20,aloha,2,55.0,0.35,True,0.8580114263990846,0.014300323965748422,0.0003450899750542057,17289,0.24960937500000002,531864.3240702512,2,0.9989182293741451,127,False,20,10,87
cfg_025,2026,20,aloha,4,25.0,0.0,False,0.6647584415584417,0.030437916282839206,0.00021365536630172597,53765,-0.16677517361111116,586733.7733641055,4,0.9998830703536867,240,False,20,24,209
cfg_026,2026,20,aloha,4,25.0,0.0,True,0.6647584415584417,0.03245409590777942,0.0002614884244154697,65287,-0.416818576388889,479404.8514764219,4,0.9998830703536867,240,False,4,90,253
cfg_027,2026,20,aloha,4,25.0,0.35,False,0.6801690597402598,0.026549916282839207,0.00020881716735570268,28451,0.38257378472222225,1108774.430597207,4,0.9998830703536867,127,True,36,0,25
cfg_028,2026,20,aloha,4,25.0,0.35,True,0.6801690597402598,0.028566095907779428,0.00025556605890105145,34548,0.25026041666666665,905954.1663291986,4,0.9998830703536867,127,False,12,38,195
cfg_029,2026,20,aloha,4,40.0,0.0,False,0.7516649350649351,0.02284546317163245,0.00028127243288492035,40335,-0.16710069444444442,394155.22975998116,3,0.9995594479432075,240,False,24,54,159
cfg_030,2026,20,aloha,4,40.0,0.0,True,0.7516649350649351,0.02435797091128763,0.0003429080903950019,48979,-0.41721643518518525,323308.2085674832,3,0.9995594479432075,240,False,4,110,223
cfg_031,2026,20,aloha,4,40.0,0.35,False,0.7690902441558443,0.019929463171632453,0.0002749004368486653,21344,0.3824074074074074,744858.095594492,3,0.9995594479432075,127,False,42,14,107
cfg_032,2026,20,aloha,4,40.0,0.35,True,0.7690902441558443,0.02144197091128763,0.00033513810736450885,25918,0.2500578703703704,610977.4190688619,3,0.9995594479432075,127,False,14,44,167
cfg_033,2026,20,aloha,4,55.0,0.0,False,0.8385714285714262,0.015252800601079686,0.00029009579074389634,26905,-0.16775173611111116,342560.48547672003,2,0.9989182293741451,240,False,50,20,79
cfg_034,2026,20,aloha,4,55.0,0.0,True,0.8385714285714262,0.016261632300628485,0.00035307777896081873,32671,-0.4180121527777778,281454.5712971924,2,0.9989182293741451,240,False,12,38,129
cfg_035,2026,20,aloha,4,55.0,0.35,False,0.8580114285714262,0.013308800601079687,0.0002835185148865431,14237,0.38207465277777775,647368.8179919331,2,0.9989182293741451,127,True,84,0,13
cfg_036,2026,20,aloha,4,55.0,0.35,True,0.8580114285714262,0.014317632300628484,0.0003450899741804955,17289,0.24960937500000002,531864.3240702512,2,0.9989182293741451,127,False,20,8,89
cfg_037,2026,20,csma,0,25.0,0.0,False,0.7555685811246556,0.029286857142857142,0.00016110781078113278,46080,0.0,684586.4002804066,4,0.9998830703536867,240,False,70,2,115
cfg_038,2026,20,csma,0,25.0,0.0,True,0.7555685811246556,0.03130285714285714,0.00020297297139026783,57600,-0.25,543383.7593462007,4,0.9998830703536867,240,False,42,14,177
cfg_039,2026,20,csma,0,25.0,0.35,False,0.7608635038667618,0.027342857142857144,0.000159986645937635,24384,0.4708333333333333,1293706.5832070676,4,0.9998830703536867,127,True,104,0,15
cfg_040,2026,20,csma,0,25.0,0.35,True,0.7608635038667618,0.029358857142857145,0.00020156046284335323,30480,0.33854166666666663,1026866.9467959699,4,0.9998830703536867,127,False,66,6,121
cfg_041,2026,20,csma,0,40.0,0.0,False,0.8536175695365587,0.021965142857142857,0.00021221681285022055,34560,0.0,460018.84237178357,3,0.9995594479432075,240,False,112,2,63
cfg_042,2026,20,csma,0,40.0,0.0,True,0.8536175695365587,0.023477142857142856,0.0002663253523746309,43200,-0.25,366558.16544969357,3,0.9995594479432075,240,False,38,36,113
cfg_043,2026,20,csma,0,40.0,0.35,False,0.859599606369367,0.02050714285714286,0.0002107399755161819,18288,0.4708333333333333,869326.9462143941,3,0.9995594479432075,127,True,144,0,9
cfg_044,2026,20,csma,0,40.0,0.35,True,0.859599606369367,0.02201914285714286,0.0002644719684786742,22860,0.33854166666666663,692708.3441569012,3,0.9995594479432075,127,False,68,14,75
cfg_045,2026,20,csma,0,55.0,0.0,False,0.9515094533449496,0.014643428571428571,0.00021893634295242046,23040,0.0,400025.6016385048,2,0.9989182293741451,240,False,180,2,27
cfg_046,2026,20,csma,0,55.0,0.0,True,0.9515094533449496,0.01565142857142857,0.0002743010057151581,28800,-0.25,319284.8020434227,2,0.9989182293741451,240,False,76,14,45
cfg_047,2026,20,csma,0,55.0,0.35,False,0.9581775033005816,0.013671428571428572,0.00021741274375824054,12192,0.4708333333333333,755953.8928601666,2,0.9989182293741451,127,True,218,0,1
cfg_048,2026,20,csma,0,55.0,0.35,True,0.9581775033005816,0.014679428571428572,0.00027239211847590616,15240,0.33854166666666663,603372.854255287,2,0.9989182293741451,127,False,114,6,31
cfg_049,2026,20,csma,2,25.0,0.0,False,0.7559220779172439,0.029291317391290216,0.00018788868916841227,53765,-0.16677517361111116,586733.7733641055,4,0.9998830703536867,240,False,56,6,145
cfg_050,2026,20,csma,2,25.0,0.0,True,0.7559220779172439,0.031307497016227974,0.00022995311630391357,65287,-0.416818576388889,479404.8514764219,4,0.9998830703536867,240,False,28,32,199
cfg_051,2026,20,csma,2,25.0,0.35,False,0.76121947791721,0.027347317391290215,0.0001865834762486201,28451,0.38257378472222225,1108774.430597207,4,0.9998830703536867,127,True,98,0,17
cfg_052,2026,20,csma,2,25.0,0.35,True,0.76121947791721,0.02936349701622798,0.00022835480571236442,34548,0.25026041666666665,905954.1663291986,4,0.9998830703536867,127,False,52,14,139
cfg_053,2026,20,csma,2,40.0,0.0,False,0.8547467530274977,0.021977747064732395,0.0002473511882334093,40335,-0.16710069444444442,394155.22975998116,3,0.9995594479432075,240,False,68,16,91
cfg_054,2026,20,csma,2,40.0,0.0,True,0.8547467530274977,0.023490254804289023,0.0003015536316307106,48979,-0.41721643518518525,323308.2085674832,3,0.9995594479432075,240,False,18,52,149
cfg_055,2026,20,csma,2,40.0,0.35,False,0.8607367030259612,0.020519747064732398,0.0002456305666427604,21344,0.3824074074074074,744858.095594492,3,0.9995594479432075,127,False,104,4,57
cfg_056,2026,20,csma,2,40.0,0.35,True,0.8607367030259612,0.022032254804289025,0.00029945446489357323,25918,0.2500578703703704,610977.4190688619,3,0.9995594479432075,127,False,44,20,97
cfg_057,2026,20,csma,2,55.0,0.0,False,0.9535714261571422,0.01466406369574433,0.0002551104563262973,26905,-0.16775173611111116,342560.48547672003,2,0.9989182293741451,240,False,110,6,33
cfg_058,2026,20,csma,2,55.0,0.0,True,0.9535714261571422,0.01567289539431985,0.0003104968640820073,32671,-0.4180121527777778,281454.5712971924,2,0.9989182293741451,240,False,34,16,53
cfg_059,2026,20,csma,2,55.0,0.35,False,0.9602539261402232,0.013692063695744331,0.00025333104021980235,14237,0.38207465277777775,647368.8179919331,2,0.9989182293741451,127,True,160,0,3
cfg_060,2026,20,csma,2,55.0,0.35,True,0.9602539261402232,0.014700895394319851,0.00030834671296001154,17289,0.24960937500000002,531864.3240702512,2,0.9989182293741451,127,False,58,4,41
cfg_061,2026,20,csma,4,25.0,0.0,False,0.7559220779220779,0.029295059139982062,0.00018788868916721073,53765,-0.16677517361111116,586733.7733641055,4,0.9998830703536867,240,False,58,6,147
cfg_062,2026,20,csma,4,25.0,0.0,True,0.7559220779220779,0.03131123876492228,0.00022995311630244304,65287,-0.416818576388889,479404.8514764219,4,0.9998830703536867,240,False,28,30,201
cfg_063,2026,20,csma,4,25.0,0.35,False,0.7612194779220779,0.027351059139982065,0.00018658347624742692,28451,0.38257378472222225,1108774.430597207,4,0.9998830703536867,127,True,100,0,19
cfg_064,2026,20,csma,4,25.0,0.35,True,0.7612194779220779,0.029367238764922282,0.00022835480571090414,34548,0.25026041666666665,905954.1663291986,4,0.9998830703536867,127,False,52,12,141
cfg_065,2026,20,csma,4,40.0,0.0,False,0.8547467532467532,0.021988320314489593,0.00024735118816995996,40335,-0.16710069444444442,394155.22975998116,3,0.9995594479432075,240,False,70,16,93
cfg_066,2026,20,csma,4,40.0,0.0,True,0.8547467532467532,0.023500828054144773,0.0003015536315533575,48979,-0.41721643518518525,323308.2085674832,3,0.9995594479432075,240,False,18,50,151
cfg_067,2026,20,csma,4,40.0,0.35,False,0.8607367032467532,0.020530320314489595,0.0002456305665797524,21344,0.3824074074074074,744858.095594492,3,0.9995594479432075,127,False,106,4,59
cfg_068,2026,20,csma,4,40.0,0.35,True,0.8607367032467532,0.022042828054144772,0.0002994544648167586,25918,0.2500578703703704,610977.4190688619,3,0.9995594479432075,127,False,44,18,99
cfg_069,2026,20,csma,4,55.0,0.0,False,0.9535714285714257,0.014681372029651115,0.0002551104556804003,26905,-0.16775173611111116,342560.48547672003,2,0.9989182293741451,240,False,112,6,35
cfg_070,2026,20,csma,4,55.0,0.0,True,0.9535714285714257,0.015690203729199912,0.00031049686329588113,32671,-0.4180121527777778,281454.5712971924,2,0.9989182293741451,240,False,34,14,55
cfg_071,2026,20,csma,4,55.0,0.35,False,0.9602539285714258,0.013709372029651116,0.00025333103957841046,14237,0.38207465277777775,647368.8179919331,2,0.9989182293741451,127,True,162,0,5
cfg_072,2026,20,csma,4,55.0,0.35,True,0.9602539285714258,0.014718203729199913,0.00030834671217932916,17289,0.24960937500000002,531864.3240702512,2,0.9989182293741451,127,False,58,2,43
cfg_073,2026,35,aloha,0,25.0,0.0,False,0.6101145546459767,0.044144,0.0001995166302345197,80640,0.0,684586.4002804066,4,0.9998830703536867,420,False,2,26,271
cfg_074,2026,35,aloha,0,25.0,0.0,True,0.6101145546459767,0.04616,0.0002513626315454615,100800,-0.25,543383.7593462006,4,0.9998830703536867,420,False,0,110,283
cfg_075,2026,35,aloha,0,25.0,0.35,False,0.6370705249694263,0.03734,0.0001910746067020474,42624,0.4714285714285714,1295163.4599899584,4,0.9998830703536867,222,False,14,10,219
cfg_076,2026,35,aloha,0,25.0,0.35,True,0.6370705249694263,0.039356,0.0002407268802890542,53280,0.3392857142857143,1028023.3284928121,4,0.9998830703536867,222,False,6,54,257
cfg_077,2026,35,aloha,0,40.0,0.0,False,0.6892881947268991,0.033108,0.00026281024596942895,60480,0.0,460018.84237178357,3,0.9995594479432075,420,False,6,82,245
cfg_078,2026,35,aloha,0,40.0,0.0,True,0.6892881947268991,0.03462,0.0003298185022450207,75600,-0.25,366558.16544969345,3,0.9995594479432075,420,False,0,182,273
cfg_079,2026,35,aloha,0,40.0,0.35,False,0.7197422004211966,0.028005,0.00025169011889811244,31968,0.4714285714285714,870305.9180006715,3,0.9995594479432075,222,False,30,26,171
cfg_080,2026,35,aloha,0,40.0,0.35,True,0.7197422004211966,0.029517,0.0003158630963516653,39960,0.3392857142857143,693488.4211210418,3,0.9995594479432075,222,False,6,108,225
cfg_081,2026,35,aloha,0,55.0,0.0,False,0.7683349743115024,0.022072,0.00027113174196797895,40320,0.0,400025.6016385048,2,0.9989182293741451,420,False,34,36,143
cfg_082,2026,35,aloha,0,55.0,0.0,True,0.7683349743115024,0.02308,0.0003396955868550428,50400,-0.25,319284.8020434227,2,0.9989182293741451,420,False,4,100,211
cfg_083,2026,35,aloha,0,55.0,0.35,False,0.8022814104492653,0.01867,0.00025965951259339793,21312,0.4714285714285714,756805.1922890632,2,0.9989182293741451,222,False,68,10,83
cfg_084,2026,35,aloha,0,55.0,0.35,True,0.8022814104492653,0.019678,0.000325322258001521,26640,0.3392857142857143,604052.3281902592,2,0.9989182293741451,222,False,20,38,137
cfg_085,2026,35,aloha,2,25.0,0.0,False,0.6103999999960966,0.04414846024843307,0.00023268280752816834,94089,-0.1667782738095238,586732.2143780037,4,0.9998830703536867,420,False,4,76,275
cfg_086,2026,35,aloha,2,25.0,0.0,True,0.6103999999960966,0.04616463987337084,0.00028477434001305494,114252,-0.4168154761904761,479405.9004839918,4,0.9998830703536867,420,False,0,180,285
cfg_087,2026,35,aloha,2,25.0,0.35,False,0.637368581814106,0.037344460248433076,0.00022283853225872312,49733,0.38327132936507935,1110028.498554521,4,0.9998830703536867,222,False,14,36,241
cfg_088,2026,35,aloha,2,25.0,0.35,True,0.637368581814106,0.03936063987337084,0.0002727233114872423,60390,0.2511160714285714,906989.2853468623,4,0.9998830703536867,222,False,4,120,263
cfg_089,2026,35,aloha,2,40.0,0.0,False,0.6901999998229533,0.033120604207589534,0.00030632406763663443,70587,-0.16711309523809526,394151.0417873754,3,0.9995594479432075,420,False,4,148,259
cfg_090,2026,35,aloha,2,40.0,0.0,True,0.6901999998229533,0.03463311194714616,0.0003734442709075671,85713,-0.4172123015873015,323309.1515639031,3,0.9995594479432075,420,False,0,210,279
cfg_091,2026,35,aloha,2,40.0,0.35,False,0.720694290724222,0.028017604207589534,0.00029336063300969837,37310,0.38310185185185186,745696.5850079193,3,0.9995594479432075,222,False,14,68,203
cfg_092,2026,35,aloha,2,40.0,0.35,True,0.720694290724222,0.029530111947146165,0.00035764735300787434,45306,0.25089285714285714,611658.4405596793,3,0.9995594479432075,222,False,4,140,247
cfg_093,2026,35,aloha,2,55.0,0.0,False,0.7699999980504864,0.022092635124315762,0.0003159316025314887,47084,-0.16775793650793647,342558.6665972414,2,0.9989182293741451,420,False,14,82,185
cfg_094,2026,35,aloha,2,55.0,0.0,True,0.7699999980504864,0.02310146682289128,0.0003845257430885839,57175,-0.41803075396825395,281450.8792827023,2,0.9989182293741451,420,False,0,106,237
cfg_095,2026,35,aloha,2,55.0,0.35,False,0.8040199979643534,0.01869063512431576,0.00030256065823701703,24887,0.38276289682539677,648090.6601062609,2,0.9989182293741451,222,False,40,24,109
cfg_096,2026,35,aloha,2,55.0,0.35,True,0.8040199979643534,0.01969946682289128,0.0003682546732310863,30221,0.2504712301587302,532475.895006403,2,0.9989182293741451,222,False,8,56,173
cfg_097,2026,35,aloha,4,25.0,0.0,False,0.6104,0.04415220199712492,0.00023268280752668038,94089,-0.1667782738095238,586732.2143780037,4,0.9998830703536867,420,False,6,76,277
cfg_098,2026,35,aloha,4,25.0,0.0,True,0.6104,0.04616838162206514,0.00028477434001123386,114252,-0.4168154761904761,479405.9004839918,4,0.9998830703536867,420,False,0,178,287
cfg_099,2026,35,aloha,4,25.0,0.35,False,0.6373685818181819,0.03734820199712492,0.0002228385322572981,49733,0.38327132936507935,1110028.498554521,4,0.9998830703536867,222,False,16,36,243
cfg_100,2026,35,aloha,4,25.0,0.35,True,0.6373685818181819,0.03936438162206514,0.00027272331148549825,60390,0.2511160714285714,906989.2853468623,4,0.9998830703536867,222,False,4,118,265
cfg_101,2026,35,aloha,4,40.0,0.0,False,0.6902,0.03313117745734674,0.0003063240675580577,70587,-0.16711309523809526,394151.0417873754,3,0.9995594479432075,420,False,6,148,261
cfg_102,2026,35,aloha,4,40.0,0.0,True,0.6902,0.03464368519700191,0.00037344427081177303,85713,-0.4172123015873015,323309.1515639031,3,0.9995594479432075,420,False,0,208,281
cfg_103,2026,35,aloha,4,40.0,0.35,False,0.720694290909091,0.02802817745734674,0.0002933606329344469,37310,0.38310185185185186,745696.5850079193,3,0.9995594479432075,222,False,16,68,205
cfg_104,2026,35,aloha,4,40.0,0.35,True,0.720694290909091,0.029540685197001912,0.00035764735291613235,45306,0.25089285714285714,611658.4405596793,3,0.9995594479432075,222,False,4,138,249
cfg_105,2026,35,aloha,4,55.0,0.0,False,0.7699999999999978,0.022109943458222543,0.0003159316017316027,47084,-0.16775793650793647,342558.6665972414,2,0.9989182293741451,420,False,16,82,187
cfg_106,2026,35,aloha,4,55.0,0.0,True,0.7699999999999978,0.023118775157771342,0.00038452574211502897,57175,-0.41803075396825395,281450.8792827023,2,0.9989182293741451,420,False,0,104,239
cfg_107,2026,35,aloha,4,55.0,0.35,False,0.8040199999999977,0.018707943458222544,0.00030256065747098396,24887,0.38276289682539677,648090.6601062609,2,0.9989182293741451,222,False,42,24,111
cfg_108,2026,35,aloha,4,55.0,0.35,True,0.8040199999999977,0.019716775157771343,0.000368254672298727,30221,0.2504712301587302,532475.895006403,2,0.9989182293741451,222,False,8,54,175
cfg_109,2026,35,csma,0,25.0,0.0,False,0.7368916049620238,0.036143999999999996,0.00016519118847374212,80640,0.0,684586.4002804066,4,0.9998830703536867,420,False,14,6,213
cfg_110,2026,35,csma,0,25.0,0.0,True,0.7368916049620238,0.03816,0.0002081174476236617,100800,-0.25,543383.7593462006,4,0.9998830703536867,420,False,6,30,255
cfg_111,2026,35,csma,0,25.0,0.35,False,0.7461577197607095,0.03274200000000001,0.0001631397716276899,42624,0.4714285714285714,1295163.4599899584,4,0.9998830703536867,222,False,50,2,135
cfg_112,2026,35,csma,0,25.0,0.35,True,0.7461577197607095,0.034758000000000004,0.0002055329536082292,53280,0.3392857142857143,1028023.3284928121,4,0.9998830703536867,222,False,22,16,189
cfg_113,2026,35,csma,0,40.0,0.0,False,0.8325169105143067,0.027107999999999997,0.00021759557999619387,60480,0.0,460018.84237178357,3,0.9995594479432075,420,False,36,8,133
cfg_114,2026,35,csma,0,40.0,0.0,True,0.8325169105143067,0.02862,0.0002730755341168451,75600,-0.25,366558.16544969345,3,0.9995594479432075,420,False,10,60,197
cfg_115,2026,35,csma,0,40.0,0.35,False,0.8429854749717214,0.024556500000000005,0.00021489338236352993,31968,0.4714285714285714,870305.9180006715,3,0.9995594479432075,222,False,84,2,73
cfg_116,2026,35,csma,0,40.0,0.35,True,0.8429854749717214,0.0260685,0.0002696843620082853,39960,0.3392857142857143,693488.4211210418,3,0.9995594479432075,222,False,30,36,125
cfg_117,2026,35,csma,0,55.0,0.0,False,0.9279889949476587,0.018071999999999998,0.00022448542076918687,40320,0.0,400025.6016385048,2,0.9989182293741451,420,False,98,6,47
cfg_118,2026,35,csma,0,55.0,0.0,True,0.9279889949476587,0.01908,0.00028125333535309997,50400,-0.25,319284.8020434227,2,0.9989182293741451,420,False,24,30,85
cfg_119,2026,35,csma,0,55.0,0.35,False,0.9396580823700147,0.016371000000000004,0.00022169766206296367,21312,0.4714285714285714,756805.1922890632,2,0.9989182293741451,222,False,172,2,29
cfg_120,2026,35,csma,0,55.0,0.35,True,0.9396580823700147,0.017379000000000002,0.00027776060771137444,26640,0.3392857142857143,604052.3281902592,2,0.9989182293741451,222,False,68,16,49
cfg_121,2026,35,csma,2,25.0,0.0,False,0.737236363631649,0.03614846024843307,0.00019265135677063404,94089,-0.1667782738095238,586732.2143780037,4,0.9998830703536867,420,False,14,18,233
cfg_122,2026,35,csma,2,25.0,0.0,True,0.737236363631649,0.038164639873370834,0.0002357809051720993,114252,-0.4168154761904761,479405.9004839918,4,0.9998830703536867,420,False,4,56,267
cfg_123,2026,35,csma,2,25.0,0.35,False,0.7465068136315898,0.03274646024843308,0.00019025985655553968,49733,0.38327132936507935,1110028.498554521,4,0.9998830703536867,222,False,48,8,161
cfg_124,2026,35,csma,2,25.0,0.35,True,0.7465068136315898,0.034762639873370846,0.0002328515521842982,60390,0.2511160714285714,906989.2853468623,4,0.9998830703536867,222,False,14,38,215
cfg_125,2026,35,csma,2,40.0,0.0,False,0.8336181816043461,0.027120604207589532,0.0002536231527744178,70587,-0.16711309523809526,394151.0417873754,3,0.9995594479432075,420,False,18,34,179
cfg_126,2026,35,csma,2,40.0,0.0,True,0.8336181816043461,0.028633111947146163,0.0003091957941922868,85713,-0.4172123015873015,323309.1515639031,3,0.9995594479432075,420,False,4,90,229
cfg_127,2026,35,csma,2,40.0,0.35,False,0.8441005941016572,0.024569104207589537,0.0002504717267239254,37310,0.38310185185185186,745696.5850079193,3,0.9995594479432075,222,False,50,16,101
cfg_128,2026,35,csma,2,40.0,0.35,True,0.8441005941016572,0.026081611947146165,0.00030535981991544885,45306,0.25089285714285714,611658.4405596793,3,0.9995594479432075,222,False,18,58,153
cfg_129,2026,35,csma,2,55.0,0.0,False,0.9299999976453927,0.01809263512431576,0.00026157777844004976,47084,-0.16775793650793647,342558.6665972414,2,0.9989182293741451,420,False,48,18,65
cfg_130,2026,35,csma,2,55.0,0.0,True,0.9299999976453927,0.01910146682289128,0.00031837077653570927,57175,-0.41803075396825395,281450.8792827023,2,0.9989182293741451,420,False,10,40,117
cfg_131,2026,35,csma,2,55.0,0.35,False,0.9416943726157844,0.016391635124315764,0.0002583267213799875,24887,0.38276289682539677,648090.6601062609,2,0.9989182293741451,222,False,106,8,37
cfg_132,2026,35,csma,2,55.0,0.35,True,0.9416943726157844,0.017400466822891283,0.0003144163650454619,30221,0.2504712301587302,532475.895006403,2,0.9989182293741451,222,False,34,24,69
cfg_133,2026,35,csma,4,25.0,0.0,False,0.7372363636363636,0.03615220199712492,0.00019265135676940204,94089,-0.1667782738095238,586732.2143780037,4,0.9998830703536867,420,False,16,18,235
cfg_134,2026,35,csma,4,25.0,0.0,True,0.7372363636363636,0.03816838162206514,0.00023578090517059147,114252,-0.4168154761904761,479405.9004839918,4,0.9998830703536867,420,False,4,54,269
cfg_135,2026,35,csma,4,25.0,0.35,False,0.7465068136363636,0.032750201997124924,0.000190259856554323,49733,0.38327132936507935,1110028.498554521,4,0.9998830703536867,222,False,50,8,163
cfg_136,2026,35,csma,4,25.0,0.35,True,0.7465068136363636,0.03476638162206514,0.00023285155218280912,60390,0.2511160714285714,906989.2853468623,4,0.9998830703536867,222,False,14,36,217
cfg_137,2026,35,csma,4,40.0,0.0,False,0.8336181818181818,0.02713117745734674,0.0002536231527093596,70587,-0.16711309523809526,394151.0417873754,3,0.9995594479432075,420,False,20,34,181
cfg_138,2026,35,csma,4,40.0,0.0,True,0.8336181818181818,0.02864368519700191,0.0003091957941129734,85713,-0.4172123015873015,323309.1515639031,3,0.9995594479432075,420,False,4,88,231
cfg_139,2026,35,csma,4,40.0,0.35,False,0.8441005943181817,0.024579677457346745,0.0002504717266596756,37310,0.38310185185185186,745696.5850079193,3,0.9995594479432075,222,False,52,16,103
cfg_140,2026,35,csma,4,40.0,0.35,True,0.8441005943181817,0.026092185197001915,0.00030535981983711947,45306,0.25089285714285714,611658.4405596793,3,0.9995594479432075,222,False,18,56,155
cfg_141,2026,35,csma,4,55.0,0.0,False,0.9299999999999973,0.018109943458222543,0.0002615777777777786,47084,-0.16775793650793647,342558.6665972414,2,0.9989182293741451,420,False,50,18,67
cfg_142,2026,35,csma,4,55.0,0.0,True,0.9299999999999973,0.019118775157771342,0.0003183707757296477,57175,-0.41803075396825395,281450.8792827023,2,0.9989182293741451,420,False,10,38,119
cfg_143,2026,35,csma,4,55.0,0.35,False,0.9416943749999973,0.016408943458222545,0.00025832672072594737,24887,0.38276289682539677,648090.6601062609,2,0.9989182293741451,222,False,108,8,39
cfg_144,2026,35,csma,4,55.0,0.35,True,0.9416943749999973,0.017417775157771345,0.00031441636424941213,30221,0.2504712301587302,532475.895006403,2,0.9989182293741451,222,False,34,22,71
cfg_145,2027,20,aloha,0,25.0,0.0,False,0.664447576209997,0.030429714285714286,0.00018320181208927785,46080,0.0,684586.4002804066,4,0.9998830703536867,240,False,24,6,184
cfg_146,2027,20,aloha,0,25.0,0.0,True,0.664447576209997,0.032445714285714286,0.00023080827666610516,57600,-0.25,543383.7593462007,4,0.9998830703536867,240,False,14,48,228
cfg_147,2027,20,aloha,0,25.0,0.35,False,0.6798509878233966,0.026541714285714287,0.00017905100114618208,24384,0.4708333333333333,1293706.5832070676,4,0.9998830703536867,127,True,38,0,22
cfg_148,2027,20,aloha,0,25.0,0.35,True,0.6798509878233966,0.028557714285714287,0.00022557884410964185,30480,0.33854166666666663,1026866.9467959699,4,0.9998830703536867,127,False,22,20,170
cfg_149,2027,20,aloha,0,40.0,0.0,False,0.7506719300643595,0.022822285714285715,0.00024131979996170735,34560,0.0,460018.84237178357,3,0.9995594479432075,240,False,38,12,124
cfg_150,2027,20,aloha,0,40.0,0.0,True,0.7506719300643595,0.024334285714285715,0.0003028486758263478,43200,-0.25,366558.16544969357,3,0.9995594479432075,240,False,14,80,192
cfg_151,2027,20,aloha,0,40.0,0.35,False,0.7680742190325296,0.019906285714285717,0.0002358522073923794,18288,0.4708333333333333,869326.9462143941,3,0.9995594479432075,127,False,58,2,82
cfg_152,2027,20,aloha,0,40.0,0.35,True,0.7680742190325296,0.021418285714285716,0.0002959870210021613,22860,0.33854166666666663,692708.3441569012,3,0.9995594479432075,127,False,22,30,132
cfg_153,2027,20,aloha,0,55.0,0.0,False,0.8367581260127124,0.015214857142857143,0.0002489608329143793,23040,0.0,400025.6016385048,2,0.9989182293741451,240,False,90,6,52
cfg_154,2027,20,aloha,0,55.0,0.0,True,0.8367581260127124,0.016222857142857143,0.0003119180942331653,28800,-0.25,319284.8020434227,2,0.9989182293741451,240,False,30,34,96
cfg_155,2027,20,aloha,0,55.0,0.35,False,0.8561560895200053,0.013270857142857143,0.0002433201171491899,12192,0.4708333333333333,755953.8928601666,2,0.9989182293741451,127,True,130,0,8
cfg_156,2027,20,aloha,0,55.0,0.35,True,0.8561560895200053,0.014278857142857143,0.00030485095322551156,15240,0.33854166666666663,603372.854255287,2,0.9989182293741451,127,False,54,12,62
cfg_157,2027,20,aloha,2,25.0,0.0,False,0.6647584415541906,0.030434174534147356,0.00021365536630309226,53765,-0.16677517361111116,586733.7733641055,4,0.9998830703536867,240,False,18,24,208
cfg_158,2027,20,aloha,2,25.0,0.0,True,0.6647584415541906,0.03245035415908512,0.0002614884244171419,65287,-0.416818576388889,479404.8514764219,4,0.9998830703536867,240,False,4,92,252
cfg_159,2027,20,aloha,2,25.0,0.35,False,0.6801690597359101,0.02654617453414736,0.00020881716735703806,28451,0.38257378472222225,1108774.430597207,4,0.9998830703536867,127,True,34,0,24
cfg_160,2027,20,aloha,2,25.0,0.35,True,0.6801690597359101,0.02856235415908512,0.0002555660589026858,34548,0.25026041666666665,905954.1663291986,4,0.9998830703536867,127,False,12,40,194
cfg_161,2027,20,aloha,2,40.0,0.0,False,0.7516649348721217,0.022834889921875254,0.00028127243295707097,40335,-0.16710069444444442,394155.22975998116,3,0.9995594479432075,240,False,22,54,158
cfg_162,2027,20,aloha,2,40.0,0.0,True,0.7516649348721217,0.024347397661431878,0.000342908090482963,48979,-0.41721643518518525,323308.2085674832,3,0.9995594479432075,240,False,4,112,222
cfg_163,2027,20,aloha,2,40.0,0.35,False,0.769090243958561,0.019918889921875252,0.00027490043691918135,21344,0.3824074074074074,744858.095594492,3,0.9995594479432075,127,False,40,14,106
cfg_164,2027,20,aloha,2,40.0,0.35,True,0.769090243958561,0.02143139766143188,0.0003351381074504768,25918,0.2500578703703704,610977.4190688619,3,0.9995594479432075,127,False,14,46,166
cfg_165,2027,20,aloha,2,55.0,0.0,False,0.8385714264483034,0.015235492267172902,0.00029009579147837045,26905,-0.16775173611111116,342560.48547672003,2,0.9989182293741451,240,False,48,20,78
cfg_166,2027,20,aloha,2,55.0,0.0,True,0.8385714264483034,0.016244323965748424,0.00035307777985475275,32671,-0.4180121527777778,281454.5712971924,2,0.9989182293741451,240,False,12,40,128
cfg_167,2027,20,aloha,2,55.0,0.35,False,0.8580114263990846,0.013291492267172902,0.0002835185156043646,14237,0.38207465277777775,647368.8179919331,2,0.9989182293741451,127,True,82,0,12
cfg_168,2027,20,aloha,2,55.0,0.35,True,0.8580114263990846,0.014300323965748422,0.0003450899750542057,17289,0.24960937500000002,531864.3240702512,2,0.9989182293741451,127,False,20,10,88
cfg_169,2027,20,aloha,4,25.0,0.0,False,0.6647584415584417,0.030437916282839206,0.00021365536630172597,53765,-0.16677517361111116,586733.7733641055,4,0.9998830703536867,240,False,20,24,210
cfg_170,2027,20,aloha,4,25.0,0.0,True,0.6647584415584417,0.03245409590777942,0.0002614884244154697,65287,-0.416818576388889,479404.8514764219,4,0.9998830703536867,240,False,4,90,254
cfg_171,2027,20,aloha,4,25.0,0.35,False,0.6801690597402598,0.026549916282839207,0.00020881716735570268,28451,0.38257378472222225,1108774.430597207,4,0.9998830703536867,127,True,36,0,26
cfg_172,2027,20,aloha,4,25.0,0.35,True,0.6801690597402598,0.028566095907779428,0.00025556605890105145,34548,0.25026041666666665,905954.1663291986,4,0.9998830703536867,127,False,12,38,196
cfg_173,2027,20,aloha,4,40.0,0.0,False,0.7516649350649351,0.02284546317163245,0.00028127243288492035,40335,-0.16710069444444442,394155.22975998116,3,0.9995594479432075,240,False,24,54,160
cfg_174,2027,20,aloha,4,40.0,0.0,True,0.7516649350649351,0.02435797091128763,0.0003429080903950019,48979,-0.41721643518518525,323308.2085674832,3,0.9995594479432075,240,False,4,110,224
cfg_175,2027,20,aloha,4,40.0,0.35,False,0.7690902441558443,0.019929463171632453,0.0002749004368486653,21344,0.3824074074074074,744858.095594492,3,0.9995594479432075,127,False,42,14,108
cfg_176,2027,20,aloha,4,40.0,0.35,True,0.7690902441558443,0.02144197091128763,0.00033513810736450885,25918,0.2500578703703704,610977.4190688619,3,0.9995594479432075,127,False,14,44,168
cfg_177,2027,20,aloha,4,55.0,0.0,False,0.8385714285714262,0.015252800601079686,0.00029009579074389634,26905,-0.16775173611111116,342560.48547672003,2,0.9989182293741451,240,False,50,20,80
cfg_178,2027,20,aloha,4,55.0,0.0,True,0.8385714285714262,0.016261632300628485,0.00035307777896081873,32671,-0.4180121527777778,281454.5712971924,2,0.9989182293741451,240,False,12,38,130
cfg_179,2027,20,aloha,4,55.0,0.35,False,0.8580114285714262,0.013308800601079687,0.0002835185148865431,14237,0.38207465277777775,647368.8179919331,2,0.9989182293741451,127,True,84,0,14
cfg_180,2027,20,aloha,4,55.0,0.35,True,0.8580114285714262,0.014317632300628484,0.0003450899741804955,17289,0.24960937500000002,531864.3240702512,2,0.9989182293741451,127,False,20,8,90
cfg_181,2027,20,csma,0,25.0,0.0,False,0.7555685811246556,0.029286857142857142,0.00016110781078113278,46080,0.0,684586.4002804066,4,0.9998830703536867,240,False,70,2,116
cfg_182,2027,20,csma,0,25.0,0.0,True,0.7555685811246556,0.03130285714285714,0.00020297297139026783,57600,-0.25,543383.7593462007,4,0.9998830703536867,240,False,42,14,178
cfg_183,2027,20,csma,0,25.0,0.35,False,0.7608635038667618,0.027342857142857144,0.000159986645937635,24384,0.4708333333333333,1293706.5832070676,4,0.9998830703536867,127,True,104,0,16
cfg_184,2027,20,csma,0,25.0,0.35,True,0.7608635038667618,0.029358857142857145,0.00020156046284335323,30480,0.33854166666666663,1026866.9467959699,4,0.9998830703536867,127,False,66,6,122
cfg_185,2027,20,csma,0,40.0,0.0,False,0.8536175695365587,0.021965142857142857,0.00021221681285022055,34560,0.0,460018.84237178357,3,0.9995594479432075,240,False,112,2,64
cfg_186,2027,20,csma,0,40.0,0.0,True,0.8536175695365587,0.023477142857142856,0.0002663253523746309,43200,-0.25,366558.16544969357,3,0.9995594479432075,240,False,38,36,114
cfg_187,2027,20,csma,0,40.0,0.35,False,0.859599606369367,0.02050714285714286,0.0002107399755161819,18288,0.4708333333333333,869326.9462143941,3,0.9995594479432075,127,True,144,0,10
cfg_188,2027,20,csma,0,40.0,0.35,True,0.859599606369367,0.02201914285714286,0.0002644719684786742,22860,0.33854166666666663,692708.3441569012,3,0.9995594479432075,127,False,68,14,76
cfg_189,2027,20,csma,0,55.0,0.0,False,0.9515094533449496,0.014643428571428571,0.00021893634295242046,23040,0.0,400025.6016385048,2,0.9989182293741451,240,False,180,2,28
cfg_190,2027,20,csma,0,55.0,0.0,True,0.9515094533449496,0.01565142857142857,0.0002743010057151581,28800,-0.25,319284.8020434227,2,0.9989182293741451,240,False,76,14,46
cfg_191,2027,20,csma,0,55.0,0.35,False,0.9581775033005816,0.013671428571428572,0.00021741274375824054,12192,0.4708333333333333,755953.8928601666,2,0.9989182293741451,127,True,218,0,2
cfg_192,2027,20,csma,0,55.0,0.35,True,0.9581775033005816,0.014679428571428572,0.00027239211847590616,15240,0.33854166666666663,603372.854255287,2,0.9989182293741451,127,False,114,6,32
cfg_193,2027,20,csma,2,25.0,0.0,False,0.7559220779172439,0.029291317391290216,0.00018788868916841227,53765,-0.16677517361111116,586733.7733641055,4,0.9998830703536867,240,False,56,6,146
cfg_194,2027,20,csma,2,25.0,0.0,True,0.7559220779172439,0.031307497016227974,0.00022995311630391357,65287,-0.416818576388889,479404.8514764219,4,0.9998830703536867,240,False,28,32,200
cfg_195,2027,20,csma,2,25.0,0.35,False,0.76121947791721,0.027347317391290215,0.0001865834762486201,28451,0.38257378472222225,1108774.430597207,4,0.9998830703536867,127,True,98,0,18
cfg_196,2027,20,csma,2,25.0,0.35,True,0.76121947791721,0.02936349701622798,0.00022835480571236442,34548,0.25026041666666665,905954.1663291986,4,0.9998830703536867,127,False,52,14,140
cfg_197,2027,20,csma,2,40.0,0.0,False,0.8547467530274977,0.021977747064732395,0.0002473511882334093,40335,-0.16710069444444442,394155.22975998116,3,0.9995594479432075,240,False,68,16,92
cfg_198,2027,20,csma,2,40.0,0.0,True,0.8547467530274977,0.023490254804289023,0.0003015536316307106,48979,-0.41721643518518525,323308.2085674832,3,0.9995594479432075,240,False,18,52,150
cfg_199,2027,20,csma,2,40.0,0.35,False,0.8607367030259612,0.020519747064732398,0.0002456305666427604,21344,0.3824074074074074,744858.095594492,3,0.9995594479432075,127,False,104,4,58
cfg_200,2027,20,csma,2,40.0,0.35,True,0.8607367030259612,0.022032254804289025,0.00029945446489357323,25918,0.2500578703703704,610977.4190688619,3,0.9995594479432075,127,False,44,20,98
cfg_201,2027,20,csma,2,55.0,0.0,False,0.9535714261571422,0.01466406369574433,0.0002551104563262973,26905,-0.16775173611111116,342560.48547672003,2,0.9989182293741451,240,False,110,6,34
cfg_202,2027,20,csma,2,55.0,0.0,True,0.9535714261571422,0.01567289539431985,0.0003104968640820073,32671,-0.4180121527777778,281454.5712971924,2,0.9989182293741451,240,False,34,16,54
cfg_203,2027,20,csma,2,55.0,0.35,False,0.9602539261402232,0.013692063695744331,0.00025333104021980235,14237,0.38207465277777775,647368.8179919331,2,0.9989182293741451,127,True,160,0,4
cfg_204,2027,20,csma,2,55.0,0.35,True,0.9602539261402232,0.014700895394319851,0.00030834671296001154,17289,0.24960937500000002,531864.3240702512,2,0.9989182293741451,127,False,58,4,42
cfg_205,2027,20,csma,4,25.0,0.0,False,0.7559220779220779,0.029295059139982062,0.00018788868916721073,53765,-0.16677517361111116,586733.7733641055,4,0.9998830703536867,240,False,58,6,148
cfg_206,2027,20,csma,4,25.0,0.0,True,0.7559220779220779,0.03131123876492228,0.00022995311630244304,65287,-0.416818576388889,479404.8514764219,4,0.9998830703536867,240,False,28,30,202
cfg_207,2027,20,csma,4,25.0,0.35,False,0.7612194779220779,0.027351059139982065,0.00018658347624742692,28451,0.38257378472222225,1108774.430597207,4,0.9998830703536867,127,True,100,0,20
cfg_208,2027,20,csma,4,25.0,0.35,True,0.7612194779220779,0.029367238764922282,0.00022835480571090414,34548,0.25026041666666665,905954.1663291986,4,0.9998830703536867,127,False,52,12,142
cfg_209,2027,20,csma,4,40.0,0.0,False,0.8547467532467532,0.021988320314489593,0.00024735118816995996,40335,-0.16710069444444442,394155.22975998116,3,0.9995594479432075,240,False,70,16,94
cfg_210,2027,20,csma,4,40.0,0.0,True,0.8547467532467532,0.023500828054144773,0.0003015536315533575,48979,-0.41721643518518525,323308.2085674832,3,0.9995594479432075,240,False,18,50,152
cfg_211,2027,20,csma,4,40.0,0.35,False,0.8607367032467532,0.020530320314489595,0.0002456305665797524,21344,0.3824074074074074,744858.095594492,3,0.9995594479432075,127,False,106,4,60
cfg_212,2027,20,csma,4,40.0,0.35,True,0.8607367032467532,0.022042828054144772,0.0002994544648167586,25918,0.2500578703703704,610977.4190688619,3,0.9995594479432075,127,False,44,18,100
cfg_213,2027,20,csma,4,55.0,0.0,False,0.9535714285714257,0.014681372029651115,0.0002551104556804003,26905,-0.16775173611111116,342560.48547672003,2,0.9989182293741451,240,False,112,6,36
cfg_214,2027,20,csma,4,55.0,0.0,True,0.9535714285714257,0.015690203729199912,0.00031049686329588113,32671,-0.4180121527777778,281454.5712971924,2,0.9989182293741451,240,False,34,14,56
cfg_215,2027,20,csma,4,55.0,0.35,False,0.9602539285714258,0.013709372029651116,0.00025333103957841046,14237,0.38207465277777775,647368.8179919331,2,0.9989182293741451,127,True,162,0,6
cfg_216,2027,20,csma,4,55.0,0.35,True,0.9602539285714258,0.014718203729199913,0.00030834671217932916,17289,0.24960937500000002,531864.3240702512,2,0.9989182293741451,127,False,58,2,44
cfg_217,2027,35,aloha,0,25.0,0.0,False,0.6101145546459767,0.044144,0.0001995166302345197,80640,0.0,684586.4002804066,4,0.9998830703536867,420,False,2,26,272
cfg_218,2027,35,aloha,0,25.0,0.0,True,0.6101145546459767,0.04616,0.0002513626315454615,100800,-0.25,543383.7593462006,4,0.9998830703536867,420,False,0,110,284
cfg_219,2027,35,aloha,0,25.0,0.35,False,0.6370705249694263,0.03734,0.0001910746067020474,42624,0.4714285714285714,1295163.4599899584,4,0.9998830703536867,222,False,14,10,220
cfg_220,2027,35,aloha,0,25.0,0.35,True,0.6370705249694263,0.039356,0.0002407268802890542,53280,0.3392857142857143,1028023.3284928121,4,0.9998830703536867,222,False,6,54,258
cfg_221,2027,35,aloha,0,40.0,0.0,False,0.6892881947268991,0.033108,0.00026281024596942895,60480,0.0,460018.84237178357,3,0.9995594479432075,420,False,6,82,246
cfg_222,2027,35,aloha,0,40.0,0.0,True,0.6892881947268991,0.03462,0.0003298185022450207,75600,-0.25,366558.16544969345,3,0.9995594479432075,420,False,0,182,274
cfg_223,2027,35,aloha,0,40.0,0.35,False,0.7197422004211966,0.028005,0.00025169011889811244,31968,0.4714285714285714,870305.9180006715,3,0.9995594479432075,222,False,30,26,172
cfg_224,2027,35,aloha,0,40.0,0.35,True,0.7197422004211966,0.029517,0.0003158630963516653,39960,0.3392857142857143,693488.4211210418,3,0.9995594479432075,222,False,6,108,226
cfg_225,2027,35,aloha,0,55.0,0.0,False,0.7683349743115024,0.022072,0.00027113174196797895,40320,0.0,400025.6016385048,2,0.9989182293741451,420,False,34,36,144
cfg_226,2027,35,aloha,0,55.0,0.0,True,0.7683349743115024,0.02308,0.0003396955868550428,50400,-0.25,319284.8020434227,2,0.9989182293741451,420,False,4,100,212
cfg_227,2027,35,aloha,0,55.0,0.35,False,0.8022814104492653,0.01867,0.00025965951259339793,21312,0.4714285714285714,756805.1922890632,2,0.9989182293741451,222,False,68,10,84
cfg_228,2027,35,aloha,0,55.0,0.35,True,0.8022814104492653,0.019678,0.000325322258001521,26640,0.3392857142857143,604052.3281902592,2,0.9989182293741451,222,False,20,38,138
cfg_229,2027,35,aloha,2,25.0,0.0,False,0.6103999999960966,0.04414846024843307,0.00023268280752816834,94089,-0.1667782738095238,586732.2143780037,4,0.9998830703536867,420,False,4,76,276
cfg_230,2027,35,aloha,2,25.0,0.0,True,0.6103999999960966,0.04616463987337084,0.00028477434001305494,114252,-0.4168154761904761,479405.9004839918,4,0.9998830703536867,420,False,0,180,286
cfg_231,2027,35,aloha,2,25.0,0.35,False,0.637368581814106,0.037344460248433076,0.00022283853225872312,49733,0.38327132936507935,1110028.498554521,4,0.9998830703536867,222,False,14,36,242
cfg_232,2027,35,aloha,2,25.0,0.35,True,0.637368581814106,0.03936063987337084,0.0002727233114872423,60390,0.2511160714285714,906989.2853468623,4,0.9998830703536867,222,False,4,120,264
cfg_233,2027,35,aloha,2,40.0,0.0,False,0.6901999998229533,0.033120604207589534,0.00030632406763663443,70587,-0.16711309523809526,394151.0417873754,3,0.9995594479432075,420,False,4,148,260
cfg_234,2027,35,aloha,2,40.0,0.0,True,0.6901999998229533,0.03463311194714616,0.0003734442709075671,85713,-0.4172123015873015,323309.1515639031,3,0.9995594479432075,420,False,0,210,280
cfg_235,2027,35,aloha,2,40.0,0.35,False,0.720694290724222,0.028017604207589534,0.00029336063300969837,37310,0.38310185185185186,745696.5850079193,3,0.9995594479432075,222,False,14,68,204
cfg_236,2027,35,aloha,2,40.0,0.35,True,0.720694290724222,0.029530111947146165,0.00035764735300787434,45306,0.25089285714285714,611658.4405596793,3,0.9995594479432075,222,False,4,140,248
cfg_237,2027,35,aloha,2,55.0,0.0,False,0.7699999980504864,0.022092635124315762,0.0003159316025314887,47084,-0.16775793650793647,342558.6665972414,2,0.9989182293741451,420,False,14,82,186
cfg_238,2027,35,aloha,2,55.0,0.0,True,0.7699999980504864,0.02310146682289128,0.0003845257430885839,57175,-0.41803075396825395,281450.8792827023,2,0.9989182293741451,420,False,0,106,238
cfg_239,2027,35,aloha,2,55.0,0.35,False,0.8040199979643534,0.01869063512431576,0.00030256065823701703,24887,0.38276289682539677,648090.6601062609,2,0.9989182293741451,222,False,40,24,110
cfg_240,2027,35,aloha,2,55.0,0.35,True,0.8040199979643534,0.01969946682289128,0.0003682546732310863,30221,0.2504712301587302,532475.895006403,2,0.9989182293741451,222,False,8,56,174
cfg_241,2027,35,aloha,4,25.0,0.0,False,0.6104,0.04415220199712492,0.00023268280752668038,94089,-0.1667782738095238,586732.2143780037,4,0.9998830703536867,420,False,6,76,278
cfg_242,2027,35,aloha,4,25.0,0.0,True,0.6104,0.04616838162206514,0.00028477434001123386,114252,-0.4168154761904761,479405.9004839918,4,0.9998830703536867,420,False,0,178,288
cfg_243,2027,35,aloha,4,25.0,0.35,False,0.6373685818181819,0.03734820199712492,0.0002228385322572981,49733,0.38327132936507935,1110028.498554521,4,0.9998830703536867,222,False,16,36,244
cfg_244,2027,35,aloha,4,25.0,0.35,True,0.6373685818181819,0.03936438162206514,0.00027272331148549825,60390,0.2511160714285714,906989.2853468623,4,0.9998830703536867,222,False,4,118,266
cfg_245,2027,35,aloha,4,40.0,0.0,False,0.6902,0.03313117745734674,0.0003063240675580577,70587,-0.16711309523809526,394151.0417873754,3,0.9995594479432075,420,False,6,148,262
cfg_246,2027,35,aloha,4,40.0,0.0,True,0.6902,0.03464368519700191,0.00037344427081177303,85713,-0.4172123015873015,323309.1515639031,3,0.9995594479432075,420,False,0,208,282
cfg_247,2027,35,aloha,4,40.0,0.35,False,0.720694290909091,0.02802817745734674,0.0002933606329344469,37310,0.38310185185185186,745696.5850079193,3,0.9995594479432075,222,False,16,68,206
cfg_248,2027,35,aloha,4,40.0,0.35,True,0.720694290909091,0.029540685197001912,0.00035764735291613235,45306,0.25089285714285714,611658.4405596793,3,0.9995594479432075,222,False,4,138,250
cfg_249,2027,35,aloha,4,55.0,0.0,False,0.7699999999999978,0.022109943458222543,0.0003159316017316027,47084,-0.16775793650793647,342558.6665972414,2,0.9989182293741451,420,False,16,82,188
cfg_250,2027,35,aloha,4,55.0,0.0,True,0.7699999999999978,0.023118775157771342,0.00038452574211502897,57175,-0.41803075396825395,281450.8792827023,2,0.9989182293741451,420,False,0,104,240
cfg_251,2027,35,aloha,4,55.0,0.35,False,0.8040199999999977,0.018707943458222544,0.00030256065747098396,24887,0.38276289682539677,648090.6601062609,2,0.9989182293741451,222,False,42,24,112
cfg_252,2027,35,aloha,4,55.0,0.35,True,0.8040199999999977,0.019716775157771343,0.000368254672298727,30221,0.2504712301587302,532475.895006403,2,0.9989182293741451,222,False,8,54,176
cfg_253,2027,35,csma,0,25.0,0.0,False,0.7368916049620238,0.036143999999999996,0.00016519118847374212,80640,0.0,684586.4002804066,4,0.9998830703536867,420,False,14,6,214
cfg_254,2027,35,csma,0,25.0,0.0,True,0.7368916049620238,0.03816,0.0002081174476236617,100800,-0.25,543383.7593462006,4,0.9998830703536867,420,False,6,30,256
cfg_255,2027,35,csma,0,25.0,0.35,False,0.7461577197607095,0.03274200000000001,0.0001631397716276899,42624,0.4714285714285714,1295163.4599899584,4,0.9998830703536867,222,False,50,2,136
cfg_256,2027,35,csma,0,25.0,0.35,True,0.7461577197607095,0.034758000000000004,0.0002055329536082292,53280,0.3392857142857143,1028023.3284928121,4,0.9998830703536867,222,False,22,16,190
cfg_257,2027,35,csma,0,40.0,0.0,False,0.8325169105143067,0.027107999999999997,0.00021759557999619387,60480,0.0,460018.84237178357,3,0.9995594479432075,420,False,36,8,134
cfg_258,2027,35,csma,0,40.0,0.0,True,0.8325169105143067,0.02862,0.0002730755341168451,75600,-0.25,366558.16544969345,3,0.9995594479432075,420,False,10,60,198
cfg_259,2027,35,csma,0,40.0,0.35,False,0.8429854749717214,0.024556500000000005,0.00021489338236352993,31968,0.4714285714285714,870305.9180006715,3,0.9995594479432075,222,False,84,2,74
cfg_260,2027,35,csma,0,40.0,0.35,True,0.8429854749717214,0.0260685,0.0002696843620082853,39960,0.3392857142857143,693488.4211210418,3,0.9995594479432075,222,False,30,36,126
cfg_261,2027,35,csma,0,55.0,0.0,False,0.9279889949476587,0.018071999999999998,0.00022448542076918687,40320,0.0,400025.6016385048,2,0.9989182293741451,420,False,98,6,48
cfg_262,2027,35,csma,0,55.0,0.0,True,0.9279889949476587,0.01908,0.00028125333535309997,50400,-0.25,319284.8020434227,2,0.9989182293741451,420,False,24,30,86
cfg_263,2027,35,csma,0,55.0,0.35,False,0.9396580823700147,0.016371000000000004,0.00022169766206296367,21312,0.4714285714285714,756805.1922890632,2,0.9989182293741451,222,False,172,2,30
cfg_264,2027,35,csma,0,55.0,0.35,True,0.9396580823700147,0.017379000000000002,0.00027776060771137444,26640,0.3392857142857143,604052.3281902592,2,0.9989182293741451,222,False,68,16,50
cfg_265,2027,35,csma,2,25.0,0.0,False,0.737236363631649,0.03614846024843307,0.00019265135677063404,94089,-0.1667782738095238,586732.2143780037,4,0.9998830703536867,420,False,14,18,234
cfg_266,2027,35,csma,2,25.0,0.0,True,0.737236363631649,0.038164639873370834,0.0002357809051720993,114252,-0.4168154761904761,479405.9004839918,4,0.9998830703536867,420,False,4,56,268
cfg_267,2027,35,csma,2,25.0,0.35,False,0.7465068136315898,0.03274646024843308,0.00019025985655553968,49733,0.38327132936507935,1110028.498554521,4,0.9998830703536867,222,False,48,8,162
cfg_268,2027,35,csma,2,25.0,0.35,True,0.7465068136315898,0.034762639873370846,0.0002328515521842982,60390,0.2511160714285714,906989.2853468623,4,0.9998830703536867,222,False,14,38,216
cfg_269,2027,35,csma,2,40.0,0.0,False,0.8336181816043461,0.027120604207589532,0.0002536231527744178,70587,-0.16711309523809526,394151.0417873754,3,0.9995594479432075,420,False,18,34,180
cfg_270,2027,35,csma,2,40.0,0.0,True,0.8336181816043461,0.028633111947146163,0.0003091957941922868,85713,-0.4172123015873015,323309.1515639031,3,0.9995594479432075,420,False,4,90,230
cfg_271,2027,35,csma,2,40.0,0.35,False,0.8441005941016572,0.024569104207589537,0.0002504717267239254,37310,0.38310185185185186,745696.5850079193,3,0.9995594479432075,222,False,50,16,102
cfg_272,2027,35,csma,2,40.0,0.35,True,0.8441005941016572,0.026081611947146165,0.00030535981991544885,45306,0.25089285714285714,611658.4405596793,3,0.9995594479432075,222,False,18,58,154
cfg_273,2027,35,csma,2,55.0,0.0,False,0.9299999976453927,0.01809263512431576,0.00026157777844004976,47084,-0.16775793650793647,342558.6665972414,2,0.9989182293741451,420,False,48,18,66
cfg_274,2027,35,csma,2,55.0,0.0,True,0.9299999976453927,0.01910146682289128,0.00031837077653570927,57175,-0.41803075396825395,281450.8792827023,2,0.9989182293741451,420,False,10,40,118
cfg_275,2027,35,csma,2,55.0,0.35,False,0.9416943726157844,0.016391635124315764,0.0002583267213799875,24887,0.38276289682539677,648090.6601062609,2,0.9989182293741451,222,False,106,8,38
cfg_276,2027,35,csma,2,55.0,0.35,True,0.9416943726157844,0.017400466822891283,0.0003144163650454619,30221,0.2504712301587302,532475.895006403,2,0.9989182293741451,222,False,34,24,70
cfg_277,2027,35,csma,4,25.0,0.0,False,0.7372363636363636,0.03615220199712492,0.00019265135676940204,94089,-0.1667782738095238,586732.2143780037,4,0.9998830703536867,420,False,16,18,236
cfg_278,2027,35,csma,4,25.0,0.0,True,0.7372363636363636,0.03816838162206514,0.00023578090517059147,114252,-0.4168154761904761,479405.9004839918,4,0.9998830703536867,420,False,4,54,270
cfg_279,2027,35,csma,4,25.0,0.35,False,0.7465068136363636,0.032750201997124924,0.000190259856554323,49733,0.38327132936507935,1110028.498554521,4,0.9998830703536867,222,False,50,8,164
cfg_280,2027,35,csma,4,25.0,0.35,True,0.7465068136363636,0.03476638162206514,0.00023285155218280912,60390,0.2511160714285714,906989.2853468623,4,0.9998830703536867,222,False,14,36,218
cfg_281,2027,35,csma,4,40.0,0.0,False,0.8336181818181818,0.02713117745734674,0.0002536231527093596,70587,-0.16711309523809526,394151.0417873754,3,0.9995594479432075,420,False,20,34,182
cfg_282,2027,35,csma,4,40.0,0.0,True,0.8336181818181818,0.02864368519700191,0.0003091957941129734,85713,-0.4172123015873015,323309.1515639031,3,0.9995594479432075,420,False,4,88,232
cfg_283,2027,35,csma,4,40.0,0.35,False,0.8441005943181817,0.024579677457346745,0.0002504717266596756,37310,0.38310185185185186,745696.5850079193,3,0.9995594479432075,222,False,52,16,104
cfg_284,2027,35,csma,4,40.0,0.35,True,0.8441005943181817,0.026092185197001915,0.00030535981983711947,45306,0.25089285714285714,611658.4405596793,3,0.9995594479432075,222,False,18,56,156
cfg_285,2027,35,csma,4,55.0,0.0,False,0.9299999999999973,0.018109943458222543,0.0002615777777777786,47084,-0.16775793650793647,342558.6665972414,2,0.9989182293741451,420,False,50,18,68
cfg_286,2027,35,csma,4,55.0,0.0,True,0.9299999999999973,0.019118775157771342,0.0003183707757296477,57175,-0.41803075396825395,281450.8792827023,2,0.9989182293741451,420,False,10,38,120
cfg_287,2027,35,csma,4,55.0,0.35,False,0.9416943749999973,0.016408943458222545,0.00025832672072594737,24887,0.38276289682539677,648090.6601062609,2,0.9989182293741451,222,False,108,8,40
cfg_288,2027,35,csma,4,55.0,0.35,True,0.9416943749999973,0.017417775157771345,0.00031441636424941213,30221,0.2504712301587302,532475.895006403,2,0.9989182293741451,222,False,34,22,72
